코인명(ofac제재지갑),지갑주소
ARB(ofac제재지갑),0x4f47bc496083c727c5fbe3ce9cdf2b0f6496270c
BCH(ofac제재지갑),18M8bJWMzWHDBMxoLqjHHAffdRy4SrzkfB
BCH(ofac제재지갑),qpf2cphc5dkuclkqur7lhj2yuqq9pk3hmukle77vhq
BCH(ofac제재지갑),qpusmp64rajses77x95g9ah825mtyyv74smwwkxhx3
BCH(ofac제재지갑),qq3vlashthktqpeppuv7trmw070e3mydgq63zq348v
BCH(ofac제재지갑),qqyuc9s700plhzr6awzru7g5z2d2p906uyrm6ht0r0
BCH(ofac제재지갑),qz9f2vz3033sg5vc5mf7m7xshmj0jugy4ummf05jk8
BCH(ofac제재지갑),qzjv8hrdvz6edu4gkzpnd4w6jc7zf296g5e9kkq4lx
BSC(ofac제재지갑),0x4f47bc496083c727c5fbe3ce9cdf2b0f6496270c
BSV(ofac제재지갑),12sjrrhoFEsedNRhtgwvvRqjFTh8fZTDX9
BTG(ofac제재지갑),GPwg61XoHqQPNmAucFACuQ5H9sGCDv9TpS
DASH(ofac제재지갑),XnPFsRWTaSgiVauosEwQ6dEitGYXgwznz2
DASH(ofac제재지갑),Xs3vzQmNvAxRa3Xo8XzQqUb3BMgb9EogF4
DASH(ofac제재지갑),XyARKoupuArYtToA2S6yMdnoquDCDaBsaT
ETC(ofac제재지갑),0xd882cfc20f52f2599d84b8e8d58c7fb62cfe344b
ETH(ofac제재지갑),0x0330070FD38Ec3bB94F58FA55D40368271E9e54A
ETH(ofac제재지갑),0x04DBA1194ee10112fE6C3207C0687DEf0e78baCf
ETH(ofac제재지갑),0x08723392Ed15743cc38513C4925f5e6be5c17243
ETH(ofac제재지갑),0x08b2eFdcdB8822EfE5ad0Eae55517cf5DC544251
ETH(ofac제재지갑),0x0931cA4D13BB4ba75D9B7132AB690265D749a5E7
ETH(ofac제재지갑),0x098B716B8Aaf21512996dC57EB0615e2383E2f96
ETH(ofac제재지갑),0x0Ee5067b06776A89CcC7dC8Ee369984AD7Db5e06
ETH(ofac제재지갑),0x12de548F79a50D2bd05481C8515C1eF5183666a9
ETH(ofac제재지갑),0x1967d8af5bd86a497fb3dd7899a020e47560daaf
ETH(ofac제재지갑),0x1999ef52700c34de7ec2b68a28aafb37db0c5ade
ETH(ofac제재지갑),0x19F8f2B0915Daa12a3f5C9CF01dF9E24D53794F7
ETH(ofac제재지갑),0x19aa5fe80d33a56d56c78e82ea5e50e5d80b4dff
ETH(ofac제재지갑),0x1da5821544e25c636c1417ba96ade4cf6d2f9b5a
ETH(ofac제재지갑),0x21B8d56BDA776bbE68655A16895afd96F5534feD
ETH(ofac제재지갑),0x2f389ce8bd8ff92de3402ffce4691d17fc4f6535
ETH(ofac제재지갑),0x308ed4b7b49797e1a98d3818bff6fe5385410370
ETH(ofac제재지갑),0x35fB6f6DB4fb05e6A4cE86f2C93691425626d4b1
ETH(ofac제재지갑),0x39D908dac893CBCB53Cc86e0ECc369aA4DeF1A29
ETH(ofac제재지갑),0x3AD9dB589d201A710Ed237c829c7860Ba86510Fc
ETH(ofac제재지갑),0x3Cffd56B47B7b41c56258D9C7731ABaDc360E073
ETH(ofac제재지갑),0x3cbded43efdaf0fc77b9c55f6fc9988fcc9b757d
ETH(ofac제재지갑),0x3e37627dEAA754090fBFbb8bd226c1CE66D255e9
ETH(ofac제재지갑),0x43fa21d92141BA9db43052492E0DeEE5aa5f0A93
ETH(ofac제재지갑),0x48549a34ae37b12f6a30566245176994e17c6b4a
ETH(ofac제재지갑),0x4f47bc496083c727c5fbe3ce9cdf2b0f6496270c
ETH(ofac제재지갑),0x502371699497d08D5339c870851898D6D72521Dd
ETH(ofac제재지갑),0x530a64c0ce595026a4a556b703644228179e2d57
ETH(ofac제재지갑),0x532b77b33a040587e9fd1800088225f99b8b0e8a
ETH(ofac제재지갑),0x53b6936513e738f44FB50d2b9476730C0Ab3Bfc1
ETH(ofac제재지갑),0x5512d943ed1f7c8a43f3435c85f7ab68b30121b0
ETH(ofac제재지갑),0x57EC89A0C056163A0314e413320f9B3ABe761259
ETH(ofac제재지갑),0x5A14E72060c11313E38738009254a90968F58f51
ETH(ofac제재지갑),0x5a7a51bfb49f190e5a6060a5bc6052ac14a3b59f
ETH(ofac제재지갑),0x5d5b5dafecbf31bdb08bfd3edad4f2694372d0ef
ETH(ofac제재지갑),0x5f48c2a71b2cc96e3f0ccae4e39318ff0dc375b2
ETH(ofac제재지갑),0x67d40EE1A85bf4a4Bb7Ffae16De985e8427B6b45
ETH(ofac제재지갑),0x6be0ae71e6c41f2f9d0d1a3b8d0f75e6f6a0b46e
ETH(ofac제재지갑),0x6f1ca141a28907f78ebaa64fb83a9088b02a8352
ETH(ofac제재지갑),0x72a5843cc08275C8171E582972Aa4fDa8C397B2A
ETH(ofac제재지갑),0x747AFB5c7A7fc34B547cD0FDEbf9b91759C5a52b
ETH(ofac제재지갑),0x76EA76CA4Eb727f18956aB93445a94c5280412B9
ETH(ofac제재지갑),0x797d7ae72ebddcdea2a346c1834e04d1f8df102b
ETH(ofac제재지갑),0x7CEd75026204aC29C34bEA98905D4C949F27361e
ETH(ofac제재지갑),0x7Db418b5D567A4e0E8c59Ad71BE1FcE48f3E6107
ETH(ofac제재지갑),0x7F19720A857F834887FC9A7bC0a0fBe7Fc7f8102
ETH(ofac제재지갑),0x7F367cC41522cE07553e823bf3be79A889DEbe1B
ETH(ofac제재지갑),0x7FF9cFad3877F21d41Da833E2F775dB0569eE3D9
ETH(ofac제재지갑),0x83E5bC4Ffa856BB84Bb88581f5Dd62A433A25e0D
ETH(ofac제재지갑),0x8576acc5c05d6ce88f4e49bf65bdf0c62f91353c
ETH(ofac제재지갑),0x8Dce2aAC0dE82bdCAf6b4373B79f94331b8e4995
ETH(ofac제재지갑),0x901bb9583b24d97e995513c6778dc6888ab6870e
ETH(ofac제재지갑),0x931546D9e66836AbF687d2bc64B30407bAc8C568
ETH(ofac제재지갑),0x95584C303FCd48AF5c6B9873015f2AD0ca84EaE3
ETH(ofac제재지갑),0x961c5be54a2ffc17cf4cb021d863c42dacd47fc1
ETH(ofac제재지갑),0x97b1043abd9e6fc31681635166d430a458d14f9c
ETH(ofac제재지갑),0x983a81ca6FB1e441266D2FbcB7D8E530AC2E05A2
ETH(ofac제재지갑),0x9Be599d7867f5E1a2D7Ec6dB9710dF2b98A15573
ETH(ofac제재지갑),0x9c2bc757b66f24d60f016b6237f8cdd414a879fa
ETH(ofac제재지갑),0x9f4cda013e354b8fc285bf4b9a60460cee7f7ea9
ETH(ofac제재지갑),0xD8500C631dC32FA18645B7436344a99E4825e10e
ETH(ofac제재지갑),0xE950DC316b836e4EeFb8308bf32Bf7C72a1358FF
ETH(ofac제재지갑),0xEFE301d259F525cA1ba74A7977b80D5b060B3ccA
ETH(ofac제재지갑),0xF7B31119c2682c88d88D455dBb9d5932c65Cf1bE
ETH(ofac제재지갑),0xFb3eFf152ea55D1BfA04Dbdd509A80fD7b72cdEB
ETH(ofac제재지갑),0xFda1Ec4A6178d4916b001a065422D31EBE5F62FF
ETH(ofac제재지갑),0xa0e1c89Ef1a489c9C7dE96311eD5Ce5D32c20E4B
ETH(ofac제재지갑),0xa7e5d5a720f06526557c513402f2e6b5fa20b008
ETH(ofac제재지갑),0xb338962B92CD818D6aef0A32a9ECD01212a71f33
ETH(ofac제재지갑),0xb637f84b66876ebf609c2a4208905f9ddac9d075
ETH(ofac제재지갑),0xb6f5ec1a0a9cd1526536d3f0426c429529471f40
ETH(ofac제재지갑),0xc103b7dc095c904b92081eef0c1640081ec01c10
ETH(ofac제재지갑),0xc2a3829F459B3Edd87791c74cD45402BA0a20Be3
ETH(ofac제재지갑),0xc455f7fd3e0e12afd51fba5c106909934d8a0e4a
ETH(ofac제재지갑),0xcB74874f1e06Fcf80A306e06e5379A44B488bA2D
ETH(ofac제재지갑),0xd04E33461FEA8302c5E1e13895b60cEe8AEfda7F
ETH(ofac제재지갑),0xd0975b32cea532eadddfc9c60481976e39db3472
ETH(ofac제재지갑),0xd5ED34b52AC4ab84d8FA8A231a3218bbF01Ed510
ETH(ofac제재지갑),0xd882cfc20f52f2599d84b8e8d58c7fb62cfe344b
ETH(ofac제재지갑),0xdb2720ebad55399117ddb4c4a4afd9a4ccada8fe
ETH(ofac제재지갑),0xdcbEfFBECcE100cCE9E4b153C4e15cB885643193
ETH(ofac제재지갑),0xe1d865c3d669dcc8c57c8d023140cb204e672ee4
ETH(ofac제재지갑),0xe1e4c5e5ed8f03ae61b581e2def126025f2b9401
ETH(ofac제재지갑),0xe3d35f68383732649669aa990832e017340dbca5
ETH(ofac제재지갑),0xe7aa314c77f4233c18c6cc84384a9247c0cf367b
ETH(ofac제재지갑),0xed6e0a7e4ac94d976eebfb82ccf777a3c6bad921
ETH(ofac제재지갑),0xf3701f445b6bdafedbca97d1e477357839e4120d
ETH(ofac제재지갑),0xf4377edA661e04B6DDA78969796Ed31658D602D4
LTC(ofac제재지갑),LNf2JDiuunBz7GMDKFYHN4rq5meXWxiwfb
LTC(ofac제재지갑),LNwgtMxcKUQ51dw7bQL1yPQjBVZh6QEqsd
LTC(ofac제재지갑),LQAhYwwK5AR1JQiQPr7vu8Pu4b6qcxxvNB
LTC(ofac제재지갑),LWnbjLYUfqeokfbWM4FcU7uk2FP2DSxuWS
LTC(ofac제재지갑),LaYUy1DGfVSuSF5KbPhbLrm8kRotqiwUJn
LTC(ofac제재지갑),LaizKtS5DUhPuP1nTQcc83MS7HwK6vk85z
LTC(ofac제재지갑),LeKvNdNEzgQkzVVnRdV3fAu2DSF1nLsNw6
LTC(ofac제재지갑),Leo3j36nn1JcsUQruytQhFUdCdCH5YHMR3
LTC(ofac제재지갑),LgwmgYnraU2uBWHVFUDgAmFCPYj5Yw8C9L
LTC(ofac제재지갑),M8yFL6SFC6TreATegTyuSYkDfDRbisdpT3
SOL(ofac제재지갑),42RLPACwZPx3vYYmxSueqsogfynBDqXK298EDsNoyoHi
TRX(ofac제재지갑),TASWbk6X1wiTku5TMmMQYqYFvshVEtfJy8
TRX(ofac제재지갑),TAYhjpL8pPs8T84FSM329nffQpc6jD8GBM
TRX(ofac제재지갑),TAoLw5yD5XUoHWeBZRSZ1ExK9HMv2CiPvP
TRX(ofac제재지갑),TBHTJqAy4DhHhmT3dNceJYNRz4SdLofLre
TRX(ofac제재지갑),TBcLqqqyZjNj1ptuXFgj5H768NhNU5nDyn
TRX(ofac제재지갑),TC8axQvzJEVR3NKN6mZnJtGy7537GEmh38
TRX(ofac제재지갑),TCA9vmjsYw9MtPKEwRBtGhKFRfr4CLxJAv
TRX(ofac제재지갑),TCFD8N3vM5b4Gr5f1kkajQsodRVNyyAq1d
TRX(ofac제재지갑),TCu5onCzXuqxjvVzdB2tR4FLuF66d4yRqf
TRX(ofac제재지갑),TCzq6m2zxnQkrZrf8cqYcK6bbXQYAfWYKC
TRX(ofac제재지갑),TDFtJtyLPgN3oWUoHh23oJox3T5V5nR11K
TRX(ofac제재지갑),TDe2UNAvuUnTbbDo7518eMe3TXN5qJW8Ft
TRX(ofac제재지갑),TEEYCuGDyeNkuDj4u6GQRXxXo3Nh29r2vP
TRX(ofac제재지갑),TEcuHDQthTmULe8fFLUccBPpjfXaTmJuuD
TRX(ofac제재지갑),TFdTr9C3BqQrzKBXqSxJfAZFTh8UwBAfSg
TRX(ofac제재지갑),TFwjPScaJRCbSWVAywE1S1WgaUgSnyYUbD
TRX(ofac제재지갑),TGXE9dGWawjfd3xqFSho1h1bRbRv9wUGrF
TRX(ofac제재지갑),TGckaiamj5NzaYx6Qp6Zu7kahuHArzUo99
TRX(ofac제재지갑),TGsNFrgWfbGN2gX25Wcf8oTejtxtQkvmEx
TRX(ofac제재지갑),TJkBr9TZ1xBeJoF7RNWqyEMbYqVJ6fXXHR
TRX(ofac제재지갑),TK17wfSPp32RWrnzZPrGpv7TxdNFvvvE2s
TRX(ofac제재지갑),TL1k1U6SHohxBqb68kCodxHc9y2LXoDSep
TRX(ofac제재지갑),TLvuvpfBKdxddxSsJefeiGCe9eVY8HUroE
TRX(ofac제재지갑),TMStbg5fgb4uTV7fK1gEYF9hKAzP3siPsG
TRX(ofac제재지갑),TMuCgBejD5RsNANZdjGtaM3YyKGNgDoy7N
TRX(ofac제재지갑),TNDjh6WGLYyWmkh8vfu42bXVHUqFNQ3rDq
TRX(ofac제재지갑),TNTFhgFoKH4srBMiWbfrVFqP2AThSmdwf1
TRX(ofac제재지갑),TNZxGWCwvsHr6JxQxzoeDXV597Yf7Zb7nV
TRX(ofac제재지갑),TNmRfnSUXZoWWzxcDDbf95eGQYXt1mJDt8
TRX(ofac제재지갑),TNrX2FwrHKoo4XACGkmSzqeK4pdnKYn6Z7
TRX(ofac제재지갑),TNuA5CQ6LB4jTHoNrjEeQZJmcmhQuHMbQ7
TRX(ofac제재지갑),TPDLpXxPcaSsupEZ3yrVksmNkYP5SLeKxu
TRX(ofac제재지갑),TPJ1JNX98MJpHueBJeF5SVSg85z8mYg1P1
TRX(ofac제재지갑),TQ5H49Wz3K57zNHmuXVp6uLzFwitxviABs
TRX(ofac제재지갑),TRBACioxdrdsYEZHvJWiUDZcMdBPpEe5Ub
TRX(ofac제재지갑),TRakpsE1mZjCUMNPyozR4BW2ZtJsF7ZWFN
TRX(ofac제재지갑),TSxAAo67VTDgKT537EVXxdogkJtk9c6ojz
TRX(ofac제재지갑),TTKnV2S1295UrPr7N67Tp9ykNL7xX2Z4Uj
TRX(ofac제재지갑),TTS9o5KkpGgH8cK9LofLmMAPYb5zfQvSNa
TRX(ofac제재지갑),TTUDyVhhpCC1xJoPmWzdjLAzeoPwbSABdr
TRX(ofac제재지갑),TU4tDFRvcKhAZ1jdihojmBWZqvJhQCnJ4F
TRX(ofac제재지갑),TVNyvx2astt2AB1Us67ENjfMZeEXZeiuu6
TRX(ofac제재지갑),TXhf9nU9bjo1j9z5qEesHdr6gtdndfnA4T
TRX(ofac제재지갑),TYDUutYN4YLKUPeT7TG27Yyqw6kNVLq9QZ
TRX(ofac제재지갑),TYeQD2VddTZ9NkFkAnT9DD8cUGetGUQZB2
TRX(ofac제재지갑),TZB4NrX7k9ZsV6PRc1GigAztLL8WHpLvwP
USDC(ofac제재지갑),0x983a81ca6FB1e441266D2FbcB7D8E530AC2E05A2
USDC(ofac제재지갑),0xb6f5ec1a0a9cd1526536d3f0426c429529471f40
USDT(ofac제재지갑),0x175d44451403Edf28469dF03A9280c1197ADb92c
USDT(ofac제재지갑),0x19aa5fe80d33a56d56c78e82ea5e50e5d80b4dff
USDT(ofac제재지갑),0x2f389ce8bd8ff92de3402ffce4691d17fc4f6535
USDT(ofac제재지갑),0x38735f03b30FbC022DdD06ABED01F0Ca823C6a94
USDT(ofac제재지갑),0x983a81ca6FB1e441266D2FbcB7D8E530AC2E05A2
USDT(ofac제재지갑),0xb6f5ec1a0a9cd1526536d3f0426c429529471f40
USDT(ofac제재지갑),0xfac583c0cf07ea434052c49115a4682172ab6b4f
USDT(ofac제재지갑),0xfec8a60023265364d066a1212fde3930f6ae8da7
USDT(ofac제재지갑),16iWn2J1McqjToYLHSsAyS6En3QA8YQ91H
USDT(ofac제재지갑),1CF46Rfbp97absrs7zb7dFfZS6qBXUm9EP
USDT(ofac제재지갑),1Df883c96LVauVsx9FEgnsourD8DELwCUQ
USDT(ofac제재지갑),1KUUJPkyDhamZXgpsyXqNGc3x1QPXtdhgz
USDT(ofac제재지갑),1LrxsRd7zNuxPJcL5rttnoeJFy1y4AffYY
USDT(ofac제재지갑),3E6ZCKRrsdPc35chA9Eftp1h3DLW18NFNV
USDT(ofac제재지갑),3LtcaPbCj87CwJHnRX3vh7c2y9RZQqeSy8
USDT(ofac제재지갑),TA3941uFAvmVibSkQ6fMJXxmaSNovX86mz
USDT(ofac제재지갑),TA39q3p75XRSWYAEaSF7dANtyksoa3sLge
USDT(ofac제재지갑),TBATDh41qMQ1yeVYecneEvhpfayYmkAQWS
USDT(ofac제재지갑),TBWRDpQsW1ZVPGGaBAwVLNb7iqmVBuM1nj
USDT(ofac제재지갑),TBYRhsZR7Mdn9ezpGVLwZiNVnGm8wZGLAD
USDT(ofac제재지갑),TBZefVsyQpzzxc2WSCLbZBECvxVdzGqdtC
USDT(ofac제재지갑),TBwghbQMsBC5xcUxE7ZpYXhfDMXZAfiFv6
USDT(ofac제재지갑),TC4VsFHJdZ66BdwobZxkudVZBVmQZgCP65
USDT(ofac제재지갑),TC5UNu3LGrjjVCuLNDdVgjm4oL5cQAyFRZ
USDT(ofac제재지갑),TCA7AfTSuDmgYk2VaezfPuZF4Z4X8wxwcQ
USDT(ofac제재지갑),TDNKsLvsY2iSznyghddXz7ZDRc4X3191Z8
USDT(ofac제재지갑),TDdbRFoBTEmE3qiR69Y6rKRSG1hoF65QaE
USDT(ofac제재지갑),TDprk9jeYPVm6khkBp1u7fwuyJcEJFrPWD
USDT(ofac제재지갑),TDwN1Eq62bqvVhfGAjdRRJjE46jsi5KNMV
USDT(ofac제재지갑),TE3mCcPULjPUE7ykX7RArDPAhyahoy3d2j
USDT(ofac제재지갑),TEAqwfMhXLaomXhZ8KeMhx3njGmQEDnsUR
USDT(ofac제재지갑),TEFph7dZoUN5233cGEzF6XFwRpjPF8fQDS
USDT(ofac제재지갑),TF4J8Gp7zbS8NA3HLuxsLdx7Ebzr6weCGn
USDT(ofac제재지갑),TFFvv7NAWmbcVfA7QN81mMvUC25TWj1WJx
USDT(ofac제재지갑),TFdHux43bs21qRsygv5WQWfgtbQeT6nXey
USDT(ofac제재지갑),TFrH3dcpnR3tADrAcfyJwiK4brsgf3B7PG
USDT(ofac제재지갑),TFurWgnyNMq9bhLrLoT9FGnrLfAL2BtR5R
USDT(ofac제재지갑),TGDaYNWFXi9HJ7NacfETF15vhUH7eRhKzt
USDT(ofac제재지갑),TGJVc32ig2u8tQsYMLE7KXHT5NDQroaVNU
USDT(ofac제재지갑),TGKgLatirRpTugS6wgCUKerjLbzWKXAVqx
USDT(ofac제재지갑),TGMFaAXH15oaW8MpcNHLid6NbMKWaaNPdC
USDT(ofac제재지갑),TGRZZsD8gxahF5oE6C7K8LLRHqQzoPa5bX
USDT(ofac제재지갑),TGUPpmW2bAnMCLe5ih2CFisfCHk4gTFDsx
USDT(ofac제재지갑),TGdpkwNVFjw2DnbHBCFKLvCygPVPz9w4iM
USDT(ofac제재지갑),TGpNzk9noyvCCdnFPuSg5cqptPs16LjXZq
USDT(ofac제재지갑),TH96tFMn8KGiYSLiwcV3E2UiaJc8jmcbz3
USDT(ofac제재지갑),THEQTsqPhRDDfgcfBW5npH5Lr9PZhpthrf
USDT(ofac제재지갑),THHb5iMAbZgQYY19h6uY66y5xt6e11gcZC
USDT(ofac제재지갑),THUqqeevBQS3EYordDJKwp8DLFknesnfCD
USDT(ofac제재지갑),THh5woR8qfmDsNknQ3agPYzQSiRtMnKsTh
USDT(ofac제재지갑),THob8vRrpDybXeqZDj8ukQhMjJVJ5nCbTW
USDT(ofac제재지갑),TJ812KESWjzJZGEWBPFCu74Js5zQS7jN5A
USDT(ofac제재지갑),TJBg9SxwiUUoqJGk18vK9avxkuV8GrKMK7
USDT(ofac제재지갑),TLM3zA3EWycoDX4ZX4gKze7sgfbdkntTum
USDT(ofac제재지갑),TLNRT524dzL5FF1nJHDhYEMFpeWjLjRbz1
USDT(ofac제재지갑),TLRMHPjLGXsVpD9RVzSfat6zDiVDrd4b4w
USDT(ofac제재지갑),TM6Kix9wH8cYQ4rLpFifsQ4ddH3rPX3f8p
USDT(ofac제재지갑),TMECKT19hfumcK3KqQKbhxkn1ohyeR58xu
USDT(ofac제재지갑),TMGLqRQ4twjW8wJhVH1mQR7nUThpGHUsN3
USDT(ofac제재지갑),TMgnRWb9xFMtktny9Lzty21QYLLQD93ft6
USDT(ofac제재지갑),TMiSGhXXVsvJzqwGbwAsGiFxWg2eALZoM5
USDT(ofac제재지갑),TPF9UQhqpV18BPWg5xo6MeB3h8t4iEg9gP
USDT(ofac제재지갑),TPPR7e8hGC57dexrE2jy1f94wtuGyVP6Dp
USDT(ofac제재지갑),TPcUZYthDfxNsHQnZZGBM1BDNBeNSjfPZE
USDT(ofac제재지갑),TPo3JyryRcQ3uhBWexeYhtkpMitsUwY4uB
USDT(ofac제재지갑),TQ5mpZPbQMSq2s1vSM3RJgiB1AsTsiTpFZ
USDT(ofac제재지갑),TQKQ4ntejdYYJpuYkFz8oCSDoXW6RKRDdY
USDT(ofac제재지갑),TQthYM5nLqwAEr6DScC8tRtw29ncEB53mK
USDT(ofac제재지갑),TR18rEj7gWjKBJLYrowyfnvjWLTTsXGngK
USDT(ofac제재지갑),TRkGqvaobVp4XDNmSceRo5hDcJYDTFmYjd
USDT(ofac제재지갑),TTAHMdqoom4f2VTWniroPWQHcTRZ4caoH4
USDT(ofac제재지갑),TTUqoT6EAmiM1xLvwVwxhjvjaoEUGtKDdZ
USDT(ofac제재지갑),TTct1DezYvriNWU7Wi3mygLoskkaw61mra
USDT(ofac제재지갑),TTgcTTNbNuFdbrhvbjMZVrdU5KALyzDaPw
USDT(ofac제재지갑),TTzMs5AR66jr9mQMkWfCHVwd3AiLLYPepQ
USDT(ofac제재지갑),TUKsuPVb8kgJVFp5x528KC5HisUVdzxami
USDT(ofac제재지갑),TV5ZTpKDszLTF6XcMnPongS33pwBgF91by
USDT(ofac제재지갑),TVDsEFm19zLV8HeXdt6G75rLroxnp6uqpV
USDT(ofac제재지갑),TVacWx7F5wgMgn49L5frDf9KLgdYy8nPHL
USDT(ofac제재지갑),TVn4q7L4fKEPbygi7UHq1CKfZxtbeuMV5q
USDT(ofac제재지갑),TVu2SiQrWSnfwk8quAeDxfiaLy6FHzYkMA
USDT(ofac제재지갑),TVyiDQ25H6Rx6PcNV1WyjGasGSa8ehj1Uv
USDT(ofac제재지갑),TW3RgbhYkFEFnmRJ9mE9b83T9XYSMkjwuD
USDT(ofac제재지갑),TWBAPzpPiZarfVsY2BLXeaLhNHurn4wkWG
USDT(ofac제재지갑),TWwv8FQiES3yHGig7y3zJWYuPaZfSV3vmY
USDT(ofac제재지갑),TX5GV4DyfxNB3rPkzZJhmqZ1efVmL4rEqG
USDT(ofac제재지갑),TXEaKf4rT3rMoD3Vuqnuhwr6vLq6BL5t33
USDT(ofac제재지갑),TXEsK1sEsKjZ1xtHitnyAAoqw3WLdYdRNW
USDT(ofac제재지갑),TXFUYHVJMDyKikutvCG6qNgTUS5pxtZhHs
USDT(ofac제재지갑),TXc4kRiMEcdXRxWpSKkD5qKaARExN4uxPq
USDT(ofac제재지갑),TYD6a4PAAfAgegEdDf9oZUnW4DFmS8jeFT
USDT(ofac제재지갑),TYK29mbyvVxLaLUKdFSTRADMwoxaVbVZQg
USDT(ofac제재지갑),TYxwUhoLPF7AgfG9GaXFEp8CQi8K8KG1m3
XBT(ofac제재지갑),123WBUDmSJv4GctdVEz6Qq6z8nXSKrJ4KX
XBT(ofac제재지갑),125W5ek3DT6Zqy5S2iPt4FHQdNMCbZA3FU
XBT(ofac제재지갑),1295rkVyNfFpqZpXvKGhDqwhP1jZcNNDMV
XBT(ofac제재지갑),129zKFLoVad9JtxSmDKeJoLCsjhGR7b3vr
XBT(ofac제재지갑),12HQDsicffSBaYdJ6BhnE22sfjTESmmzKx
XBT(ofac제재지갑),12NpCkhddSNiDkD9rRYUCHsTT9ReMNiJjG
XBT(ofac제재지갑),12QtD5BFwRsdNsAZY76UVE1xyCGNTojH9h
XBT(ofac제재지갑),12VrYZgS1nmf9KHHped24xBb1aLLRpV2cT
XBT(ofac제재지갑),12YCfVAEzkEZXBYhUTyJJaRkgMXiFxJgcu
XBT(ofac제재지갑),12YyR9EpvHxBjjKjTWqfKqeyoWnvcraxpW
XBT(ofac제재지갑),12jVCWW1ZhTLA5yVnroEJswqKwsfiZKsax
XBT(ofac제재지갑),12mNKr2YP4M3CEQvCvVqZsvxuCG47LHMu1
XBT(ofac제재지갑),12udabs2TkX7NXCSj6KpqXfakjE52ZPLhz
XBT(ofac제재지갑),12w6v1qAaBc4W8h8C2Cu5SKFaKDSv3erUW
XBT(ofac제재지갑),134r8iHv69xdT6p5qVKTsHrcUEuBVZAYak
XBT(ofac제재지갑),13JtX4h7G5ZuNK5mFudKGq9DHLvvMFuNuz
XBT(ofac제재지갑),13LQJQ1oJ9K7PsqsGfjNhoVv6UeU6hgzQz
XBT(ofac제재지갑),13RH4JaFhaCxDGPyYE9emjp2aDxdX18uBA
XBT(ofac제재지갑),13ViCDZyJxxv5cZzpDDsE7aDQ3Y552zpAH
XBT(ofac제재지갑),13YBQr2Cp1YY3xqq2qngaPb7ca1o4ugeq6
XBT(ofac제재지갑),13f59kUM5FU8MfTG7DCEugYarDhSD7XCoC
XBT(ofac제재지갑),13fhnkmpBBWXUQucJd6efWvXdEj78DKavk
XBT(ofac제재지갑),13hfsQm6oCaDZehfYBSMFiJVAi1jsL6sQd
XBT(ofac제재지갑),13mnk8SvDGqsQTHbiGiHBXqtaQCUKfcsnP
XBT(ofac제재지갑),148LKmyZT3FGE4x1GjsFN6RsAwcjzk5iuE
XBT(ofac제재지갑),149w62rY42aZBox8fGcmqNsXUzSStKeq8C
XBT(ofac제재지갑),14gM1HuLVDELNHaFU22qpabjtiWek4HhV1
XBT(ofac제재지갑),14kqryJUxM3a7aEi117KX9hoLUw592WsMR
XBT(ofac제재지갑),14rjAD8ZP5xaL571cMRE98qgxxbg1S8mAN
XBT(ofac제재지갑),158treVZBGMBThoaympxccPdZPtqUfYrT9
XBT(ofac제재지갑),15PggTG7YhJKiE6B16vkKzA1YDTZipXEX4
XBT(ofac제재지갑),15Pt4NwZaUmMUwS2bQbyyncc7mzgWShtv8
XBT(ofac제재지갑),15UdZbmGPa2LatD3abtGpphgkHLFWftV4R
XBT(ofac제재지갑),15YK647qtoZQDzNrvY6HJL6QwXduLHfT28
XBT(ofac제재지갑),15cRqR3TXS1JehBGWERuxFE8NhWZzfoeeU
XBT(ofac제재지갑),15kZobLkD6HZgEECtz4oS2Vz21XHTnNfSg
XBT(ofac제재지갑),15qyVrZvvVGvB7GWiAZ82TNcZ6QWMKu3kx
XBT(ofac제재지갑),15uqdxqNXQwVf5H7yZPz4TmEGeSccCwdor
XBT(ofac제재지갑),15yqWQ4sqr7jzCwDtZ3U1KaCa8WMEy7Mm2
XBT(ofac제재지갑),16EKTes8ahD8xvwisqjc2xSNLiG3fDHatW
XBT(ofac제재지갑),16PhXY3hNNMTo8kpuJx2emh713KbWpkqci
XBT(ofac제재지갑),16SPDQFFzgsoNSPiFFTfS8Dw8LLXqia4oc
XBT(ofac제재지갑),16ZSAEfYpPCj3D94fsNt2okYj9Ue8mxy6T
XBT(ofac제재지갑),16p2UWTZwXRyK5bTHNVjdDyy1D3EQGsZf2
XBT(ofac제재지갑),16tByCYzxuWiN8kF9FrK9jJy6eQYLVkQ1i
XBT(ofac제재지갑),16ti2EXaae5izfkUZ1Zc59HMcsdnHpP5QJ
XBT(ofac제재지갑),175BUqf8JCU1uoG1iTRKTacDa4uvJDUCw2
XBT(ofac제재지갑),17UVSMegvrzfobKC82dHXpZLtLcqzW9stF
XBT(ofac제재지갑),17V7THwHMiDJmDwZK4unhE5HgKFJKx7VCe
XBT(ofac제재지갑),17a5bpKvEp1j1Trs4qTbcNZrby53JbaS9C
XBT(ofac제재지갑),17ezuJoT3XBbdcwFZbkTnrXbup11F4uhiy
XBT(ofac제재지갑),17mhyeBX617ABZ1ffThhUTJkHUcMvCkfd5
XBT(ofac제재지갑),182NGZbPJXwg2WDrhrPpR7tpiGQkNPF844
XBT(ofac제재지갑),18Ke1QWE9nQfXuhJijHggZuPJ5ZYxapoBK
XBT(ofac제재지갑),18Qj1THHuETfYhuRDZycXJbWwDMGw73Poa
XBT(ofac제재지갑),18aqbRhHupgvC9K8qEqD78phmTQQWs7B5d
XBT(ofac제재지갑),18cFGAdYcvNHkuhXLBE7izQKCyUW8TzCJE
XBT(ofac제재지갑),18dLDAWi8LmrHbEq3QzDJb9SLxCf4uimXB
XBT(ofac제재지갑),18gaXypKj9M23S2zT9qZfL9iPbLFM372Q5
XBT(ofac제재지갑),18uKfaUjgG52rVeXEi3wxnveww7zZuECtE
XBT(ofac제재지갑),18yWCu6agTxYqAerMxiz9sgHrK3ViezzGa
XBT(ofac제재지갑),194xmrZA53UBsZau2PnJLdmVVW9m5feeS
XBT(ofac제재지갑),1986rYHckYbJpGQJy6ornuMyD2N5MTqwDt
XBT(ofac제재지갑),19D1iGzDr7FyAdiy3ZZdxMd6ttHj1kj6WW
XBT(ofac제재지갑),19D8PHBjZH29uS1uPZ4m3sVyqqfF8UFG9o
XBT(ofac제재지갑),19FQzHibWDhSP8pKmJS3uagFYoisXtehzw
XBT(ofac제재지갑),19GrL5jnUkGmHXVcraB1Etv5rXCANeLWpq
XBT(ofac제재지갑),19pPbUDvoSBZafkUCYkD2Z9AkuqqV6sWm7
XBT(ofac제재지갑),1A3iYY4c3dkgNYGewzYzr7EsqfBuWXibGo
XBT(ofac제재지갑),1A7SKE2dQtezLktCY8peLsdAtkqxV9r1dC
XBT(ofac제재지갑),1ANpca7g93BwptUJg1zV116v49zn9gjDi3
XBT(ofac제재지갑),1AXUTu9y3H8w4wYx4BjyFWgRhZKDhmcMrn
XBT(ofac제재지갑),1AeSq93WDNdLoEJ92sex7T8xQZoYYm8BtS
XBT(ofac제재지갑),1AjZPMsnmpdK2Rv9KQNfMurTXinscVro9V
XBT(ofac제재지갑),1AoxtfiBQ22DvbhqAN9Ctb8sULMRhrdwTr
XBT(ofac제재지갑),1B11Ezqg3AXjFhMdRq5UpPDpNyriYNVtkn
XBT(ofac제재지갑),1B3u21itzjgKtm7QsNQNCBpSkwzzeDHqrW
XBT(ofac제재지갑),1B64QRxfaa35MVkf7sDjuGUYAP5izQt7Qi
XBT(ofac제재지갑),1BCWMwpR4M1nYUuuYe2bmzrNuwGoF9ZAbA
XBT(ofac제재지갑),1BiUFjzH6wsT73U3tfy4aXHCQsYQHzjk5h
XBT(ofac제재지갑),1BvJRBRp9ZZ6zLyuZaZsV7g3xP6JokdZQW
XBT(ofac제재지갑),1C7RpJNE19HgefzWVCSaUqRTHAwGAFkbYV
XBT(ofac제재지갑),1CF46Rfbp97absrs7zb7dFfZS6qBXUm9EP
XBT(ofac제재지갑),1CG1aSCxUnbmv9G34ofxTQoHtuVnMLJtQV
XBT(ofac제재지갑),1CNbhgxGRZvsWnEHotfXge7k2E1UPzBDC7
XBT(ofac제재지갑),1CPJak9ZyddbawMGJPyEhCiJLXXb4sYv8N
XBT(ofac제재지갑),1CddRqw7oSPrT4tt5oXKyx2LiHJDPszy7y
XBT(ofac제재지갑),1D1ej7zQzywWBDNXKNYpmH7Hso2U9koDG4
XBT(ofac제재지갑),1D3GuaS9eqKw8dWj9JFQtNufdRtysjSLxZ
XBT(ofac제재지갑),1D6gG9iKEhPitTcWRJiniuj1jYM2hNeAfJ
XBT(ofac제재지갑),1DDA93oZPn7wte2eR1ABwcFoxUFxkKMwCf
XBT(ofac제재지갑),1DGsY4ww3BJnWXTsnmTgWa6UWdoRXgA1pX
XBT(ofac제재지갑),1DH2xDH7TngrDU6LXciprKCBKNcPA1xX8A
XBT(ofac제재지갑),1DJoEMvp95yJYWyxAZy8DDBzuvjnrTVrsN
XBT(ofac제재지갑),1DJoVLgn1foJHHngduRPJvRbwpaFEKxvxd
XBT(ofac제재지갑),1DKGRGJXGNLAtTeFb9SNPNHtrkZ87q7qKi
XBT(ofac제재지갑),1DT3tenf14cxz9WFNxmYrXFbB6TFiVWA9U
XBT(ofac제재지갑),1DYFJ6CuBvrxyoQSuBzVsNcetY9tvdsrag
XBT(ofac제재지갑),1DbShx4r8i2XesthoDBf5EkYWz5dsKEusV
XBT(ofac제재지갑),1DbvK8P6imBuLcwh2Vruis4xsUb8YAwJQF
XBT(ofac제재지갑),1Df883c96LVauVsx9FEgnsourD8DELwCUQ
XBT(ofac제재지갑),1Dpddb1TMjvmNQeYDqgyd1ww6cmwPJRdSk
XBT(ofac제재지갑),1DtGgdCi9VPKz2Bpq8GQhUQEPnQ5HwaT9n
XBT(ofac제재지갑),1E9uUnLbyfToazo95vmM3ysYnzgkrL7GeC
XBT(ofac제재지갑),1ECeZBxCVJ8Wm2JSN3Cyc6rge2gnvD3W5K
XBT(ofac제재지갑),1EYitrwBYNWuTBcjZFbEUdqHppe2raLpaF
XBT(ofac제재지갑),1Edue8XZCWNoDBNZgnQkCCivDyr9GEo4x6
XBT(ofac제재지갑),1EfMVkxQQuZfBdocpJu6RUsCJvenQWbQyE
XBT(ofac제재지갑),1EpMiZkQVekM5ij12nMiEwttFPcDK9XhX6
XBT(ofac제재지갑),1EtMuBPQnPCa3cecerdSH1SzydxnhbTmw
XBT(ofac제재지갑),1EuUMPBCZtSd5pVVFEqmRqUSfU1qy6ASuL
XBT(ofac제재지갑),1EvhBad5wCZYhBoAsGaciV6AvmZ1osLpeJ
XBT(ofac제재지갑),1F2Gdug9ib9NQMhKMGGJczzMk5SuENoqrp
XBT(ofac제재지갑),1F317n2eJEMaEMGiwCqtd5XCU3wF7jzPEW
XBT(ofac제재지갑),1F7UL41qYm6TvnExZzPHBCyeENvX3XDEMS
XBT(ofac제재지갑),1FCNgfZWpYMeYhy9t18AAkTBu8AsdoAc1Z
XBT(ofac제재지갑),1FE2cuvkq8n5VGwj5hi8YYQxskwJpovPyV
XBT(ofac제재지갑),1FFS6pX1TCKTNy668Mbk2Lyoem1qB48kYX
XBT(ofac제재지갑),1FRyL9gmFGbzfYDAB4iY9836DJe3KSnjP9
XBT(ofac제재지갑),1FjubFHV4mpYjBmvjsEhZssyiiA4TNmnm2
XBT(ofac제재지갑),1Fz29BQp82pE3vXXcsZoMNQ3KSHfMzfMe3
XBT(ofac제재지갑),1G64TFMFVJTjhJXra6x74BBhsfSyiWaFtT
XBT(ofac제재지갑),1G6DuwDKNHiUWqks2Lgu44cesu7ffFbLK7
XBT(ofac제재지갑),1G9A8WRjGXdnYY4TNEVRrcaHsMtana4ncF
XBT(ofac제재지갑),1G9CKRHA3mx22DoT1QyNYrh85VSQ19Y1em
XBT(ofac제재지갑),1GYuu9d5HPikafbys3k5Q3DRJq6debGsoB
XBT(ofac제재지갑),1GcKLUUXodTQcLcPD7VLMgvCc4hs5Q775
XBT(ofac제재지갑),1Ge8JodC2HiBiEuT7D3MoH6Fak6XrcT9Kf
XBT(ofac제재지갑),1Gekw8ACSs37oXcc5XQHvoux3iKoVFtpF4
XBT(ofac제재지갑),1GkLN7DbA9mAtHNzQWNPANcdWbefaz4Gzm
XBT(ofac제재지갑),1GnFTy5F9qi5MfaRZfgdg2jkyT5xtAHvd8
XBT(ofac제재지갑),1GqChmWqGtsaLrGbHfgdrV5Nkvahtjjuxr
XBT(ofac제재지갑),1H8sDTTgJPBKw83EBZDLhXvetCbxZUMMZM
XBT(ofac제재지갑),1H939dom7i4WDLCKyGbXUp3fs9CSTNRzgL
XBT(ofac제재지갑),1HH8eiuaTMucTNyvGCUmAvmCZCtdMi8SqK
XBT(ofac제재지갑),1Hhe61Bwxs8Hd2WxzWY9FQyZicBiZGeSNW
XBT(ofac제재지갑),1HmqvgSXUVES1jn4TQPzk9dxo1NE8wim2T
XBT(ofac제재지갑),1Hn9ErTCPRP6j5UDBeuXPGuq5RtRjFJxJQ
XBT(ofac제재지갑),1Hpj6qm9i7nMF3VkKfBFtjhEDpEjxHWvgv
XBT(ofac제재지갑),1HuYfoEwsfHgZiRhbhJrCd5ST3iksa8KEx
XBT(ofac제재지갑),1J378PbmTKn2sEw6NBrSWVfjZLBZW3DZem
XBT(ofac제재지갑),1J6cgUVEZRKyJhpXJgHWX7YmzkdnHRaLhF
XBT(ofac제재지갑),1J9oGoAiHeRfeMZeUnJ9W7RpV55CdKtgYE
XBT(ofac제재지갑),1J9wJH2bamZVxscXAvoDH4jvtGKb7sYFDm
XBT(ofac제재지갑),1JHdQHkBZiim1cb4hyUh2PbzEbbg6z2TrF
XBT(ofac제재지갑),1JPfVv5cWRLx1js9NWxg46dG2CGbeRz4th
XBT(ofac제재지갑),1JPqJ8sxLBvdHBqMqSFBmUkoh2vAuCUNvs
XBT(ofac제재지갑),1JREJdZupiFhE7ZzQPtASuMCvvpXC7wRsC
XBT(ofac제재지갑),1Js6goCey2NaqPQptiLANLQGuk4d6mowjP
XBT(ofac제재지갑),1Juv2Ks3jJFUes8jEGxwgt6T6csBRQmmRw
XBT(ofac제재지갑),1K2fmE9hfhbRNSZoBvCBWZAvsS5idTUxBG
XBT(ofac제재지갑),1KSAbh5trMCTZwhiNsuUQvfTtSSTT8zqRk
XBT(ofac제재지갑),1KUUJPkyDhamZXgpsyXqNGc3x1QPXtdhgz
XBT(ofac제재지갑),1Kc6egXevyLEaeTxLFA1Zyw7GuhCN8jQtt
XBT(ofac제재지갑),1KctQENEX5QkQMpnMC3Zh9yRAzkMBLpPcr
XBT(ofac제재지갑),1KgudqxMfYaGzqAA7MS4DcsqejtMteqhix
XBT(ofac제재지갑),1KkaKujnqwJf7Cbm7JKAZGF3X9d4685m8n
XBT(ofac제재지갑),1Kuf2Rd8mDyAViwBozGTNYnvWL8uYFrkVo
XBT(ofac제재지갑),1Kys8fqDen8NGFUJ6AFcXfFW5qquuTH4eh
XBT(ofac제재지갑),1L4ncif9hh9TnUveqWq77HfWWt6CJWtrnb
XBT(ofac제재지갑),1LAh7PQwpd1uGiLHae5C5Xz9QXse3y2phq
XBT(ofac제재지갑),1LBQd4ZxtQYYsDWrCzK4uMxHBJVxmyzs3M
XBT(ofac제재지갑),1LKE3XA9bf5JFqtGtCHzWj5QGxKGwMfXZw
XBT(ofac제재지갑),1LQV6yUBcfTjAWvFu3XPhdTgjqihss7i1z
XBT(ofac제재지갑),1LiNmTUPSJEd92ZgVJjAV3RT9BzUjvUCkx
XBT(ofac제재지갑),1Licqjca74n8pmNaoARXLLqcTUTHFpxbXH
XBT(ofac제재지갑),1Ljk8RNNabkZ9bfDYQBn98XfFozJhTjqcZ
XBT(ofac제재지갑),1LpYKb3SXZPve9hsH2QEJZFX279wJVGowi
XBT(ofac제재지갑),1LrxsRd7zNuxPJcL5rttnoeJFy1y4AffYY
XBT(ofac제재지갑),1LuDiMd95Df4i2bcvrfw47t2GKpLLXAQMZ
XBT(ofac제재지갑),1M5N4sJ1NHb4fviLVZA5MZLKhLZqU4CPZz
XBT(ofac제재지갑),1MLPqwaFFUBZePTjpR3nxRoK19Cv9mPCc7
XBT(ofac제재지갑),1MQBDeRWsiJBf7K1VGjJ7PWEL6GJXMfmLg
XBT(ofac제재지갑),1MbtT2ZsTtLp7EKZUV9r74cTyqvsMtTP2M
XBT(ofac제재지갑),1MiQRekg4BatJ12qbiSGnNakLLd8xbLMCG
XBT(ofac제재지갑),1MkCnCa9agS5t6V1B15bzusBgYECB4LfWp
XBT(ofac제재지갑),1MnbhWe5wr7Ut45ReyQsm96PwnM9jD7KaH
XBT(ofac제재지갑),1MtsQsw6n2jvJCWhpCw7jifTfD9Q3rBBVg
XBT(ofac제재지갑),1N6XqSf3ULpNjko9LrJmHudRoLitjwkETN
XBT(ofac제재지갑),1NE2NiGhhbkFPSEyNWwj7hKGhGDedBtSrQ
XBT(ofac제재지갑),1NaRX1GZgtZ7E8iXo8YUdTtnb8rAK5QFJa
XBT(ofac제재지갑),1NayLEVF3bEEbDtdF2Cwso1VdEtvVNh2qX
XBT(ofac제재지갑),1NbGwQwt4uEhg2srAKppLf8QaF6fbp3PZG
XBT(ofac제재지갑),1NpHuti9NSM9fVTXLkvSDU4AnhqGQ5N53d
XBT(ofac제재지갑),1NuBZQXJPyYQGfoBib8wWBDpZmbtkJa5Ba
XBT(ofac제재지갑),1NvJm3jfZxENNyqws5BKQvhkLxg9chLJdo
XBT(ofac제재지갑),1P3ZfGFLezzYGg9k5SVzQmnjyh7nrUmF2y
XBT(ofac제재지갑),1PJp8diNa89cVHpiT1VPu7EQ8LxYM5HX6v
XBT(ofac제재지갑),1PWRKxkR5AU7Tc9zPqjdhtu1eGW1QZzs4y
XBT(ofac제재지갑),1PXxwPVtYxZiCRp9LKq7aKMDFrhAQztvUE
XBT(ofac제재지갑),1PYtgFS2t6i57WdDvbRa7kPcsagGMBxzfg
XBT(ofac제재지갑),1PfwHNxUnkpfkK9MKjMqzR3Xq3KCtq9u17
XBT(ofac제재지갑),1PhqQpaGCrqSxQ6QDXcv14QCd1U98Zp34E
XBT(ofac제재지갑),1Pu1nAW7kCoSMThMs8QcpM8JxuByQDZgH
XBT(ofac제재지갑),1Q4tJjH2aBr3AJrzxqa4Z3jPpf5SDgF4jK
XBT(ofac제재지갑),1Q6saNmqKkyFB9mFR68Ck8F7Dp7dTopF2W
XBT(ofac제재지갑),1Q9UAQbcDezmyouFrzt94t4dSMxgsUfW1X
XBT(ofac제재지갑),1QHxyuLGRMHfbNPJikV4Dwhfx45HWfUMWB
XBT(ofac제재지갑),1QJUiNsNfji6mR1FjAwf6Eg9NxxHPoxpWL
XBT(ofac제재지갑),1Sf6e4xQv8muMZqYPTdRFf3e5o5eWcg9F
XBT(ofac제재지갑),1r6S9vpUZPS5rb6gSdwV2bvSFcN3uSq4q
XBT(ofac제재지갑),31nadacWrgPeAQxKRMabhn3fPhnhi3hjKa
XBT(ofac제재지갑),31p6woV4e55HUfC2aGynFhzQnGoJFW26cD
XBT(ofac제재지갑),31t4nEpcwyQJT1VuXdAoQZTT5givRDPsNP
XBT(ofac제재지갑),32DaxSzUhLBHY2WGSWQYiBSHnRsfQZrrRp
XBT(ofac제재지갑),32PsiT8itBrEF84ebdaF82yBUEcz5Wc6uY
XBT(ofac제재지갑),32VgTk8kGvBsqkHhkvtNooGdtqZm46jTVo
XBT(ofac제재지갑),32fbAZMTaQxNd2fAue1PgsiPgWfcsHBQQt
XBT(ofac제재지갑),32jgFkZsTEjMFaBvxJnYvJEeTNKTmq5b32
XBT(ofac제재지갑),32pCmCWEjwhkLwh5BgLNAeBQFp5Gi1hv81
XBT(ofac제재지갑),32pTjxTNi7snk8sodrgfmdKao3DEn1nVJM
XBT(ofac제재지갑),32wdqwX3zCEX3DhAVEcKwXCEGdzgBnx1R9
XBT(ofac제재지갑),331TS6DyASY7iU5CRA8UryBnkPS78fP2B1
XBT(ofac제재지갑),33KKjn4exdBJQkTtdWxqpdVsWxrw3LareG
XBT(ofac제재지갑),33Kja69SQVc8kozpoP7Qw6HFtGxHkiWzTz
XBT(ofac제재지갑),33fWcMdmsB2Ey4CEbVWbjGFkuevBSyP9nG
XBT(ofac제재지갑),33xWfziVZesgo83U5izdNCBVTnrtBpSwK7
XBT(ofac제재지갑),343w3Xh64q5UpgpvAPqmsUzxrknde8PQHb
XBT(ofac제재지갑),347QFbejDBdMZFTxpmn6evvvqyXiqZTCd7
XBT(ofac제재지갑),34ETiHfQWEYFCCaXmEeQWVmhFH5vz2JMvd
XBT(ofac제재지갑),34WWXwFKAsXL9zYxbeNPaPV6vDamkjQLUo
XBT(ofac제재지갑),34dxZvijpBM1YkPybczbQ7DuGuKAnULdfS
XBT(ofac제재지갑),34kEYgpijvCmjvahRXXQEnBH76UGJVx2wg
XBT(ofac제재지갑),34kWCKF2wCbe6uinit2uL4ND6d8yxsuxKM
XBT(ofac제재지갑),34pFGsSYbWEritXncW9unZtQQE9dKSvKku
XBT(ofac제재지갑),35KAdTa2vqnJzitF2xiUzZn1Gmcas2Y465
XBT(ofac제재지갑),35LScRJ8hzDvvWh9t9UA8bHGnGNVz3YEfa
XBT(ofac제재지갑),35QpLWYkvD3ALhjbge5bK2kd7HfHYcDMu3
XBT(ofac제재지갑),35SwVFxosV3AsvnrBfzdXarqavRbvDyyxv
XBT(ofac제재지갑),35aTjkBh4yeTypJsi9nuTdoMKHTsawKVgX
XBT(ofac제재지갑),35eanEz5iYg2eYaxCtMrR4SCoypFqrBWUH
XBT(ofac제재지갑),35hh9dg3wSvUJz9vFk1FsezLE5Fx3Hudk2
XBT(ofac제재지갑),35irs2AU6pVgenYbWvMRz22avDBLC9XMkd
XBT(ofac제재지갑),35qwVtMEohWDdBWRiCSR7azoP5cbY8SG1Q
XBT(ofac제재지갑),35vypiSvQsxRiT3YZzGRGVaduUSx67ysZb
XBT(ofac제재지갑),361AkMKNNWYwZRsCE8pPNmoh5aQf4V7g4p
XBT(ofac제재지갑),361NP7YcBPQ4KkLT3Y2QZeDEV4M3yi65Ar
XBT(ofac제재지갑),3685sEusmTwZBiKJ4cgV73EAhpVD1nbgbe
XBT(ofac제재지갑),36XqYWGvUQwBrYLRVuegN4pJJJSPWL1WEu
XBT(ofac제재지갑),36YGN5dGzqrxMomTHdkT6cYVMnWBw8S7hD
XBT(ofac제재지갑),36ia8qAE1k1PKQePdXENCm1YKLXxZyVnnc
XBT(ofac제재지갑),36yS87PLuW7sErLg1TY26WzaVarTim7AcC
XBT(ofac제재지갑),372Wk9NLrMkJzKgqJdatWJy4bYRfxFjgat
XBT(ofac제재지갑),374RguZDMNW5Zh5ouW3KhKDcrerKusmsuk
XBT(ofac제재지갑),37KHumAdzFcg1fXMv36UGg91MHPqhJUv19
XBT(ofac제재지갑),37dDBCexFPraKW4jGSqkE3NyG52YeZQbJx
XBT(ofac제재지갑),37fKFZQGMqdBkjSUub1jCDWGgSHwv9VxfZ
XBT(ofac제재지갑),37g6WgqedzZx6nx51tYgssNG8Hnknyj5nL
XBT(ofac제재지갑),386sPhHBbLidzPnoxUH74jiiYkHYtobefQ
XBT(ofac제재지갑),386wa1UM6nA798AWNh64jdrejZyedeXgUN
XBT(ofac제재지갑),389Sft4nJFkPGhbagk9FN4jXncA9piYTuU
XBT(ofac제재지갑),38LjCapRrJEW7w2zwbyS15P9D9UGPjWS44
XBT(ofac제재지갑),38TftW1heYPqvKbiAhT4ttNBqkUPpooXad
XBT(ofac제재지갑),38ncxqt932N9CcfNfYuHGZgCyR85hDkWBW
XBT(ofac제재지갑),39AALn7eTjdPzLb99hHhD6F7J8QWB3R2Rd
XBT(ofac제재지갑),39HJB4x6W5QuKFEuV1tfcfNveLRJTzcC12
XBT(ofac제재지갑),39KQvziHwUe2vddbpfC5WkQEV72qbQhxuh
XBT(ofac제재지갑),39NG2LcGRHXxSr1irpEVnJMw4ydL231sEn
XBT(ofac제재지갑),39Te8MbphSgs7npDJPj2hbNzhke61NTcnB
XBT(ofac제재지갑),39eboeqYNFe2VoLC3mUGx4dh6GNhLB3D2q
XBT(ofac제재지갑),39fhoB2DohisGBbHvvfmkdPdShT75CNHdX
XBT(ofac제재지갑),39p8qWp1bkBNhi4vPpFTetKPtH7goqNDZf
XBT(ofac제재지갑),3A1HH3PseYMkh2nSrBb4kkVt3815kUNVVC
XBT(ofac제재지갑),3AFcE2mbSSndcpYFgHoExSmjUc26ef2gQh
XBT(ofac제재지갑),3ANWhUnHujdwbw2jEuGSRH6bvFsD9BqEy9
XBT(ofac제재지갑),3AQSmMk5n3c6TKEg9B2WyzYAPm33gJJAA4
XBT(ofac제재지갑),3AYU365Tcjef7j9pdKF9Xe8rWpEpsH196t
XBT(ofac제재지갑),3AjiWiUdKB5mcGUSS9mBeoHCeYJw3Zo8r6
XBT(ofac제재지갑),3AjyprBY5yhijiCjUC5NUJutGbwhd3AQdE
XBT(ofac제재지갑),3B3vmabBbeDRnVrjvvq3hm85zVB4v5bWFC
XBT(ofac제재지갑),3B4G1M8eF3cThbeMwhEWkKzczw9QoNTGak
XBT(ofac제재지갑),3B7S6zrgxQVQUHTU8wstM23tB9afE7ojuX
XBT(ofac제재지갑),3BCN3WgMRJwULTz1vsEQ7NZrBjwaUBf5Ca
XBT(ofac제재지갑),3BQACtiMXYB9JpUMpkEWt9m8BzswpGHq4X
XBT(ofac제재지갑),3BWP6ZQAhc4j5wR1b95zJAthJEFvhdees7
XBT(ofac제재지갑),3BazbaTP8ELJUEfPBV9z5HXEdgBziV9p7W
XBT(ofac제재지갑),3BsyZ7qRFSi3NsaoV1Ff724qAgrEpjVUHm
XBT(ofac제재지갑),3CCmt5LjQ5yKkaFY1DWC2SbERVEtWRnSRD
XBT(ofac제재지갑),3CuqLrZWn5oCe6DRScdRwiFv8txcahrsG3
XBT(ofac제재지갑),3Czhm6xqn8odwz6jgTcjRrUjog28v6aVS8
XBT(ofac제재지갑),3D44E2Z3PcLa868GeBNiP5E2GPTfVLULUJ
XBT(ofac제재지갑),3DCCgmyKozcZkFBzYb1A2x8abZCpAUTPPk
XBT(ofac제재지갑),3DLGfN7hgsWXXSp9euXcnmWXLpFQuswW2t
XBT(ofac제재지갑),3DNsaQnaUz7wkQny1ZDSmtz6QfbEShxoDD
XBT(ofac제재지갑),3E6rY4dSCDW6y2bzJNwrjvTtdmMQjB6yeh
XBT(ofac제재지갑),3E7YbpXuhh3CWFks1jmvWoV8y5DvsfzE6n
XBT(ofac제재지갑),3EL5vcYeu1cnivLtR7tnAX3bBirr9ATNAL
XBT(ofac제재지갑),3EPqGUw2q89pwPZ1UF8FJspE2AyojSTjdu
XBT(ofac제재지갑),3EQoMXw6Xi8zNzY8tLfJbkWjV5EXsQP4Es
XBT(ofac제재지갑),3ES6pqCueDPCnC4hCqhhYuey6gyiRJZw6E
XBT(ofac제재지갑),3EUjqe9UpmyXCFd6jeu69hoTzndMRfxw9M
XBT(ofac제재지갑),3EeR8FbcPbkcGj77D6ttneJxmsr3Nu7KGV
XBT(ofac제재지갑),3EynPFpoGTPxU9m5bPaEDEUxUanzh7vgQP
XBT(ofac제재지갑),3F2sZ4jbhvDKQdGbHYPC6ZxFXEau2m5Lqj
XBT(ofac제재지갑),3F6bbvS1krsc1qR8FsbTDfYQyvkMm3QvmR
XBT(ofac제재지갑),3FBgeJdhiBe22UoSpp51Vd8dPHVa2A4wZX
XBT(ofac제재지갑),3FfRvC3kSo2SxiQe5e7SSuNdegwgq8iusL
XBT(ofac제재지갑),3FgaJMgxCfU3qqQ3Yiqv3Xw8rmLDDkByeo
XBT(ofac제재지갑),3FoD1f6Tfnq3s8MYHgJqFPWv9cUrtUdBSv
XBT(ofac제재지갑),3GAUBtrTtWp1D9yeXgr3wMg8B599QHa5m5
XBT(ofac제재지갑),3GBGnqDqdiskCmfq2Rchk1LcBoSo4P3DZQ
XBT(ofac제재지갑),3GMfGEDYMTq9G8dEHet1zLtUFJwYwSNa3Y
XBT(ofac제재지갑),3GSXNXzyCDoQ1Rhsc7F1jjjFe7DGcHHdcM
XBT(ofac제재지갑),3GXdtA6kbb4M5aqzZm5qqxcFDFRMW8LqdJ
XBT(ofac제재지갑),3GYbbYkvqvjF5oYhaKCgQYCvcVE1JENk6J
XBT(ofac제재지갑),3Gbs4rjcVUtQd8p3CiFUCxPLZwRqurezRZ
XBT(ofac제재지갑),3GuQjr7kkrR5EjpanMgyAuxuLgrjEUwe21
XBT(ofac제재지갑),3H3rh85qPaGLy2w6618yZNaH7i8asHv46B
XBT(ofac제재지갑),3H4qaWi5DS6FMwyZrG9xRRud3Qc5dUVn2U
XBT(ofac제재지갑),3HJN4jRa4mdfkey9JR9jUhr86yPwL86A3C
XBT(ofac제재지갑),3HQDRyzwm82MFmLWtmyikDM9JQEtVT6vAp
XBT(ofac제재지갑),3HQRveQzPifZorZLDXHernc5zjoZax8U9f
XBT(ofac제재지갑),3HRExd8GKFskZC5inmVcpiyy9UWG7FVa6o
XBT(ofac제재지갑),3HSZc4BLnQBznjSq7JvXgqNCZUUs3M9fZz
XBT(ofac제재지갑),3HWjh69cVQvcPeLWVCyVmXEq72nyDSj5zP
XBT(ofac제재지갑),3He6EyDaCUgmdr4GXqhxbeTQukaGLCByU2
XBT(ofac제재지갑),3HePkztPU6UsdENxnyQHFrdZA6eVKeMtvz
XBT(ofac제재지갑),3HqA7i3ttECLvgqvq69HNxxUP5BL7Z5YgA
XBT(ofac제재지갑),3HupEUfKmMhvhXqf8TMoPAyqDcRC1kpe65
XBT(ofac제재지갑),3J19qffPT6mxQUcV6k5yVURGZtdhpdGr4y
XBT(ofac제재지갑),3JHMz3mTna1gVCZSPp8NgRFiY7phkv5mA8
XBT(ofac제재지갑),3JLyyLbwciWAC6re87D7mRknXakR4YbnUd
XBT(ofac제재지갑),3JUwAS7seL3fh5hxWh9fu3HCiEzjuQLTfg
XBT(ofac제재지갑),3JXKQ81JzBqVbB8VHdV9Jtd7auWokkdPgY
XBT(ofac제재지갑),3JhPsVV3KnL9dBYGSZALS9EbrLr97R865a
XBT(ofac제재지갑),3Jpf9B5P8cvEKSSGp9cES3Upbms8VRnXUb
XBT(ofac제재지갑),3JuSgFrwnrNfuhvR4GpWAPmeJVot4xrEae
XBT(ofac제재지갑),3K26aMKmnrv97Pj6YiFcqiXk2LxeHfhnG3
XBT(ofac제재지갑),3K35dyL85fR9ht7UgzPfd1gLRRXQtNTqE3
XBT(ofac제재지갑),3K4rjdh8A5yi6LWvft2rbmyZvqEbPSSSX4
XBT(ofac제재지갑),3K7PMJyMNVnxqsfpmK9r9nJDtzDw9wNwNV
XBT(ofac제재지갑),3KGQ3hX6eFYtBjTBFSdvdkzHmwZyYWLRQh
XBT(ofac제재지갑),3KHfXU24Bt3YD5Ef4J7uNp2buCuhrxfGen
XBT(ofac제재지갑),3Kp8Qc5z7yevDeoQxhS5RSSKnEi5x7AQ43
XBT(ofac제재지갑),3KvBX3jo69Qn8jHy44M33RYoeYcf8DdRBD
XBT(ofac제재지갑),3L1PSCgfPKJAfQCZcoKfbvWf1fBmWM1Bbs
XBT(ofac제재지갑),3LDbNuDkKmLae5r3a5icPA5CQg2Y8F7ogW
XBT(ofac제재지갑),3LLUnf3ezw6mCbQ2zCZmGu5rZULzkhxQi7
XBT(ofac제재지갑),3LbDu1rUXHNyiz4i8eb3KwkSSBMf7C583D
XBT(ofac제재지갑),3LhnVMcBq4gsR7aDaRr9XmUo17CuYBV4FN
XBT(ofac제재지갑),3Lpoy53K625zVeE47ZasiG5jGkAxJ27kh1
XBT(ofac제재지갑),3M7CGBPUJwXXSroWuZ6H5jiprdKCyf7V5M
XBT(ofac제재지갑),3MD3riFB6U8PykypF6qkvSj8R2SGdUDPn3
XBT(ofac제재지갑),3MKXKqPXf6VxTLkVSXuDKzaTiZZaz5AmiK
XBT(ofac제재지갑),3MN8nYo1tt5hLxMwMbxDkXWd7Xu522hb9P
XBT(ofac제재지갑),3MNWiGeoKAhtTrbJuUXpvSRYJSNvmyJSWE
XBT(ofac제재지갑),3MP7yBGSW2gkXVRE8S84T2j4KVgPh3rEzv
XBT(ofac제재지갑),3MTRvM5QrYZHKo8gh5qKcrPK3RLjxcDCZE
XBT(ofac제재지갑),3MTrJTFhYK9v1C6pjHtuweZSopfZa4b1wb
XBT(ofac제재지갑),3MkUNScqf21EcfWq6T4x2MFgBeSTqhB5t6
XBT(ofac제재지갑),3MvQ4gThF4mmuo49p4dBNchcmFHBRZnYfx
XBT(ofac제재지갑),3MzLtBQ4Lz9J6w4Qu55TktgxFKZwxYWrP6
XBT(ofac제재지갑),3N3YSDvp4cbhEgNGabQxTN39kEzJmwG8Ah
XBT(ofac제재지갑),3N6WeZ6i34taX8Ditser6LKWBcXmt2XXL4
XBT(ofac제재지갑),3N9YcPBDky9UsMx1RTk33tL4jDkZfSnsPk
XBT(ofac제재지갑),3NDzzVxiLBUs1WPvVGRfCYDTAD2Ua2PvW4
XBT(ofac제재지갑),3NEcQKZ8RwL2eDNhmMPpZ4td9vPsQh9JwM
XBT(ofac제재지갑),3NNcbBcMZokPB2JC2dxYuZrpgcetvyGeJn
XBT(ofac제재지갑),3NPognMSbzyA2JYW2fpkVKWyBMi2XTq2Zt
XBT(ofac제재지갑),3NQ1aa9ceirMJ1JvRq3eXefvXj1L639fzX
XBT(ofac제재지갑),3NRJ8aXdUiZdHaiFX9ePX3DhGHzcEi14Fq
XBT(ofac제재지갑),3NU9zkD8CCVGVmYnNNSN7PbU9sSFQBm5UV
XBT(ofac제재지갑),3P6PzdfETr4275Gn3veLkCyDxA1jV8fHKm
XBT(ofac제재지갑),3PDmRwotTkRAFRLGTUrucCERp2JdM1q4ar
XBT(ofac제재지갑),3PKiHs4GY4rFg8dpppNVPXGPqMX6K2cBML
XBT(ofac제재지갑),3PUmTuVAW3LkKg53FZ7F97VDBitW4ugwnM
XBT(ofac제재지갑),3PiCnZrBvGfWAKQ9hr4cCpfaDjy64yNSpE
XBT(ofac제재지갑),3PyzSbFj3hbQQjTzDzyLSgvFVDjB7yw4Cj
XBT(ofac제재지갑),3Q5dGfLKkWqWSwYtbMUyc8xGjN5LrRviK4
XBT(ofac제재지갑),3Q8H2ZWMtc4R1M3mkmhnTjCoYKTeCFigDP
XBT(ofac제재지갑),3QAdoc1rDCt8dii1GVPJXvvK6CEJLzCRZw
XBT(ofac제재지갑),3QEjBiPzw6WZUL4MYMmMU6DY1Y25aVbpQu
XBT(ofac제재지갑),3QJyT8nThEQakbfqgX86YjCK1Sp9hfNCUW
XBT(ofac제재지갑),3QVyoH4u3qT88uChAeJVhfB3r6maZt431y
XBT(ofac제재지갑),3QWUdP5taP4GrRuueVDud1eWetb7hc3wDH
XBT(ofac제재지갑),3QnWE5GVfQu3wVav91RuFkqip4Ti4NWqAY
XBT(ofac제재지갑),3QrukkUiBrn23rFUKUgasNd1wYWNk7WdSV
XBT(ofac제재지갑),3Qw9Fn19gCnga9LfHfpM99aGzuqxBNjR2i
XBT(ofac제재지갑),TUCsTq7TofTCJRRoHk6RvhMoS2mJLm5Yzq
XBT(ofac제재지갑),bc1q05aktddf9ce4p7hh3stgsf253m4vweu7nkhtmw
XBT(ofac제재지갑),bc1q202ajnhxgg9d9jjczmg0g4usp6haqldyy2eakl
XBT(ofac제재지갑),bc1q237mvl0heyw0r38wd3xz8h5mar96rrwpams8pp
XBT(ofac제재지갑),bc1q2c3vwu7wxq308lsun24rjlsh6ff0x8whx55v4q
XBT(ofac제재지갑),bc1q2jys00x2rgdkm3xnewuucqacytu0a7echupu8y
XBT(ofac제재지갑),bc1q2lpgjntr348pfvxhfy33ehmdzy3gmx8w4052z6
XBT(ofac제재지갑),bc1q2q8uxjznmurg363dvd98xjg54mrr7z6mw9t825
XBT(ofac제재지갑),bc1q2we5eqjj8je6lz9xwjattpc3pn4jejc5h0s70f
XBT(ofac제재지갑),bc1q362njxy39gnwrvj7zytn84ax39fwnhvk7n2999
XBT(ofac제재지갑),bc1q3ael5my37nklgnqcrkwmnndfx9qdnp67j0739c
XBT(ofac제재지갑),bc1q3q2lz3cmt4u2f49ugxz5q34xrs0m2z4w2gmkp5
XBT(ofac제재지갑),bc1q3tan207evu5skk2wj80ycyw242g0kdnn3hs3x0
XBT(ofac제재지갑),bc1q3y5v2khlyvemcz042wl98dzflywr8ghglqws6s
XBT(ofac제재지갑),bc1q45cxufu7x6s5v9adzm9t38k80gwawse75xffwe
XBT(ofac제재지갑),bc1q49ax787wv0mnn8wjgp3sx772qz7eun822rkv5k
XBT(ofac제재지갑),bc1q4namcagg5wljs0u20z6h2sqgsq4q5lts8rt2rr
XBT(ofac제재지갑),bc1q4qjvgw475a39d8cpcyv5keq39jlmlrq870sn30
XBT(ofac제재지갑),bc1q4rzdtlt0uslyw86cp29sctl6ct29g9a95cuup7pn5md9ddj7xgmqpp5m73
XBT(ofac제재지갑),bc1q4sqmmyv63g6ma5cmswzap3d8k995h0str69v3t
XBT(ofac제재지갑),bc1q4yzd2rjmshm8ucrwy6dzj5rna20j0zlf8hf8vz
XBT(ofac제재지갑),bc1q5jqgm7nvrhaw2rh2vk0dk8e4gg5g373g0vz07r
XBT(ofac제재지갑),bc1q5zd0cwzd09k9r8xfk68sn5ytqp8f5aae80yfsm
XBT(ofac제재지갑),bc1q66y45cq78ke25kz7rpe94l84avt7zetglzeeqg
XBT(ofac제재지갑),bc1q68uswkjvu7nj7mhrvfzkx7cm6u5s9puvpm5dc2
XBT(ofac제재지갑),bc1q6qze6uj6jncgnva4eghxn3tr4pm2frh77ad3k9
XBT(ofac제재지갑),bc1q6rzzf4erht8v7kgh5mfnwcrvzxchxt5glpsuls
XBT(ofac제재지갑),bc1q6w463k7mhsgguwgqtcratm4vm42rncwhvvkeck
XBT(ofac제재지갑),bc1q6yz2q723helcd7rz7xltw5nu77vn649zczklc3
XBT(ofac제재지갑),bc1q7d46dvuv56kn4mm0jz3yep6xj74kxcpydt5te4
XBT(ofac제재지갑),bc1q7des766x6c0zkycz6dz6rfv066n3fcg4kggtrt
XBT(ofac제재지갑),bc1q7hhdygx05kyfyzjku2u7lywvx5pgyng6a0nefp
XBT(ofac제재지갑),bc1q7qsruzjsed9sy6taqz2m5rvljsmleg2xl7dz5r
XBT(ofac제재지갑),bc1q7xfqqw9htr88t7vafg80p4qrlpjfyaps452x5g
XBT(ofac제재지갑),bc1q86tl9255vg5wldamfymaaz36uqxzm30gs7fhkljvzdlt9t38s3lqgdwdfq
XBT(ofac제재지갑),bc1q8ew45w2agdffrnwp6adt2gqrc9n4mkev9ns29c
XBT(ofac제재지갑),bc1q8p5r6wdx7leuekulnlglapy2wlwxgukpe76mys
XBT(ofac제재지갑),bc1q8pw85s83mdx2f3rfu64mmfd9wexqu2y856arwp
XBT(ofac제재지갑),bc1q8q7z3kt37z6jalv5ujung5lem6pzlk9r3kt66k
XBT(ofac제재지갑),bc1q90zrdysy4flyacw7hsury3ajs9yzwtwp6guqpypx94w0d3p58hysvz6pde
XBT(ofac제재지갑),bc1q97eg4k2juepa3smpac4pnfjsnyws696c290cxq
XBT(ofac제재지갑),bc1q9kja7t2zxz0ze4lcgxf0l07pygpc69ws528lj9
XBT(ofac제재지갑),bc1q9lvynkfpaw330uhqmunzdz6gmafsvapv7y3zty
XBT(ofac제재지갑),bc1q9ua9ypl4dhj0zut5kzasj5c2kxclhh8v2k9djd
XBT(ofac제재지갑),bc1q9ws2gcq7uumm4mk3l9xezwve7w5tmcs5js5cup
XBT(ofac제재지갑),bc1qa2xr7dmz5lztplp9yfp7k382nf4ma8gwrl7zgg
XBT(ofac제재지갑),bc1qa4jp7udkn2ycecz8289jfs3vpnqdwf4483d3qe
XBT(ofac제재지갑),bc1qagp0gy58v8hqvw4p2wsphcxg067rrppp45hexr
XBT(ofac제재지갑),bc1qakycg2zp8hydg95lc9cheumpa9yfpdeyrqqh5f
XBT(ofac제재지갑),bc1qardcxz845jw83vgfvcmewhuxa0ag9gchjwmcfd
XBT(ofac제재지갑),bc1qau9pmgc8l6rxpdwwap3fd6zprh5yp9mpe9jl0h
XBT(ofac제재지갑),bc1qavwamr74qlzj8txy6jaxqnpym9062h090x6kz4
XBT(ofac제재지갑),bc1qcjh0phl2yy3rxcztfthz9psuvk8trv2qe06p0k
XBT(ofac제재지갑),bc1qcp6fr7gtyukympl6unr7uv78h3vprycwj455zx
XBT(ofac제재지갑),bc1qcx8vxxrld2s7qvz64qp75s3508rkzaxj65l60q
XBT(ofac제재지갑),bc1qdd2mumk4rxnygxyn5qhrq6pah6yjmnl3s9mef5
XBT(ofac제재지갑),bc1qdpazd6smrkq5hmw6lupq98za2fqtgmq3azv3av
XBT(ofac제재지갑),bc1qdt3gml5z5n50y5hm04u2yjdphefkm0fl2zdj68
XBT(ofac제재지갑),bc1qdzgee6h4zjwvn8lyzjxgd467zxnshelqkudh7z
XBT(ofac제재지갑),bc1qe8wclszdtshkjk7gph57crc72vpp9rylujgwa5
XBT(ofac제재지갑),bc1qe95l438kzjcvnsm3kn8n5augf9gpctdlhsq7f7hpnkyvlr7rc7cqupapf7
XBT(ofac제재지갑),bc1qe9lz50jq0a5pmtry0h3ekng3kjdg09vejg7355
XBT(ofac제재지갑),bc1qea942uw640l7nvtf3vplv6jd6wvuy06c58cd4k
XBT(ofac제재지갑),bc1qeaxuj8vamvnxqveleaqgmae33x904xuzj836p3
XBT(ofac제재지갑),bc1qec85gd576z0phflq2jm8jxlh22tckqj3yru7xs
XBT(ofac제재지갑),bc1qedvcgh32dud85yt7fu6s7qavthlh38gtwa7rhx
XBT(ofac제재지갑),bc1qeth6n6ryxexvkx34wnx3nuynun4474h3j0gkhw
XBT(ofac제재지갑),bc1qetqqlgvlnzdh4eshz9q6twlpdtmvy5rfkn3lza
XBT(ofac제재지갑),bc1qfg4gfg0y6t6xjnpmlhuwx5k0wlw6nmfzxn2psc
XBT(ofac제재지갑),bc1qfpdycqpkl5hvxg4feuk3nhde5h8t2zd89svsg9
XBT(ofac제재지갑),bc1qgffxa65gr579tsz55n87pal2a777ygzg69d2yz
XBT(ofac제재지갑),bc1qh33xtpjqhgysq5xlmjzkm28uewj08885n95drr
XBT(ofac제재지갑),bc1qh3lw22uqwrywr8lpun20q2ma528a4yqmgf3uqp
XBT(ofac제재지갑),bc1qhe6zy9x6ar42zkec3lhkms5m7hh3svtc88qhf6
XBT(ofac제재지갑),bc1qhsp4kffl5pmsae43st9jufagu6uy7lsa6mslla
XBT(ofac제재지갑),bc1qhvzl5w99m458nm7sc6hwf5qfhxndw28sgtatk8
XBT(ofac제재지갑),bc1qj2ffj6pepc80sfqpx2k2pd3q278q72dpqv2ens
XBT(ofac제재지갑),bc1qj6j6p0jdefl6pvdzx3kx8245yy5mz6q4luhzes
XBT(ofac제재지갑),bc1qjwr3rgww7a8ut7a4x8jqh3vswcue3xvp6dm7qe
XBT(ofac제재지갑),bc1qkfqh5p2qsakseg5gnwen6zh5xf3elmku2xaup29mw3l0wnncy3es880dss
XBT(ofac제재지갑),bc1ql526s72gycmvq7hek6j3tuwwmcpv4rgs0auxu7
XBT(ofac제재지갑),bc1ql7dlyh8xz6tpqk92vztrhqh88dmjvcwrmsemrm
XBT(ofac제재지갑),bc1ql7rnd70aejdxt3f9fzdlfazjlc9hvdmut8ad8s
XBT(ofac제재지갑),bc1qlfpg2xn39u580cmwq6rymt8jdhcmj8520jhgh0
XBT(ofac제재지갑),bc1qlhh94040d8nxkstf4l7720q72f2vntxxl96m4d
XBT(ofac제재지갑),bc1qllmlvy5u038yvwywu803p53g8udcm8w7k4qxu9
XBT(ofac제재지갑),bc1qlwtksgusw8pp3k3a39mkmwvswujhhgn0ulp3uj
XBT(ofac제재지갑),bc1qmwznjzlhrj3fney3elxkwdpwa72u7eq0ge76dt
XBT(ofac제재지갑),bc1qmzmx8res2fgzd2wttyvf2ajqqqtcnxxrgkqc2t
XBT(ofac제재지갑),bc1qn6segn8km4nfdp9vueu6msfjsaxaqgun9h60n9
XBT(ofac제재지갑),bc1qnq3pzsw3elkecrw8pqrz70r7zuse6cwyxa6dhc
XBT(ofac제재지갑),bc1qnujzvts45qka3cr2eqqw8ur3q6g6s0ze2wlk5m
XBT(ofac제재지갑),bc1qnykkrlk67f9kdqvzyw2ndu3xmef5z2e52886yl
XBT(ofac제재지갑),bc1qpaly5nm7pfka9v92d6qvl4fc2l9xzee8a6ys3s
XBT(ofac제재지갑),bc1qptrvdk8uv8shd734tyhyzatrvmlq9l0v6r0dc2
XBT(ofac제재지갑),bc1qq7p0es3dv5hcynjjf40f2xjjr6qp5py47d2f6n847vduuq9gvnyq7y9ecd
XBT(ofac제재지갑),bc1qqf8kcc9m57xjqcvsvuf989nnl48ve6d2s24cx3
XBT(ofac제재지갑),bc1qr2tgu4almsw9ajqfwz93qw0xc8w2g72xpyzqvn
XBT(ofac제재지갑),bc1qr4fd3glpnthkefcylhnxk4gp47jsd0523ue7qj
XBT(ofac제재지갑),bc1qrc2gchg2fmxua5u7twu4luv5p9twmny4jjmg9x
XBT(ofac제재지갑),bc1qrskwdw9unhlkt87ltcqq2d5pn9s6w2f35gz3z6
XBT(ofac제재지갑),bc1qs9u6j78e3utj08mwvqkkmqm9de5xk3g4yh8qtq
XBT(ofac제재지갑),bc1qsmqpalp3gtgkltag4x3ygevmhh9y2hzk73t2ug
XBT(ofac제재지갑),bc1qsmv6lkrw65l30yazdqpdjjtwzpvk9f8gfh0cy7
XBT(ofac제재지갑),bc1qsxf77cvwcd6jv6j8d8j3uhh4g0xqw4meswmwuc
XBT(ofac제재지갑),bc1qtdupwe722vcc5e0vh94cgwfs0ep4gzwyfsf75q
XBT(ofac제재지갑),bc1qte9ret332gwrk6e7vqc87d807npzvdj5savg4h
XBT(ofac제재지갑),bc1qtnr3t28ltzgsuvr9j6ruqaat6fz773mm8wr02l
XBT(ofac제재지갑),bc1qtrh9z4ls2s2mflyhc5y0mtxt0y30n87c97z4qp
XBT(ofac제재지갑),bc1qtrrfhr0f3ufsrjxfv8a7p3yuqj0spe4cm6vaws
XBT(ofac제재지갑),bc1qtsl3ufenrv3zgrgm9z8xarcx22x8mfztuartyn
XBT(ofac제재지갑),bc1qtywfzxx6snut2mdrum8dyr5nnd5qhqd29wmvqt
XBT(ofac제재지갑),bc1qu3e9sq8cem759umc3pywlsly3rr2qvjlxfnn9l
XBT(ofac제재지갑),bc1qu4p4eynzu8vwwcv0yxq74gth00exjyech05uf0
XBT(ofac제재지갑),bc1qu5vngdtcx8nc9d68pq8nv7pzcjrswsy87s66gk
XBT(ofac제재지갑),bc1qu8mcqffx3jpdwnap88h85u5l5l0xq97438tz2x
XBT(ofac제재지갑),bc1qup656lpfqfckhl580kwf62thmn5azmj2pal0sz
XBT(ofac제재지갑),bc1quyc6j8ca84q9gjej5jjd2n8hra0vfu0j60fefs57p6e5rerkq07q0l5u3w
XBT(ofac제재지갑),bc1qv4krhj2qmpd9qz9xj9nhvj99fq8s9xsw05d485
XBT(ofac제재지갑),bc1qv7k70u2zynvem59u88ctdlaw7hc735d8xep9rq
XBT(ofac제재지갑),bc1qvhnfknw852ephxyc5hm4q520zmvf9maphetc9z
XBT(ofac제재지갑),bc1qvlzfn6kmezv44d8kw0p5jsmxe6wchv3zc7gsxs
XBT(ofac제재지갑),bc1qvxlwpgcw260sc97a0u6dm0cjxv027clhd67fvx
XBT(ofac제재지갑),bc1qw0pswznckx7s6tjmd2f5hrx4q6kc5nyrdxku50
XBT(ofac제재지갑),bc1qw4cxpe6sxa5dg6sdwxjph959cw6yztrzl4r54s
XBT(ofac제재지갑),bc1qw4fxztd5u3sl7vrcqwk2a8v5zh5dllvckx3tlt
XBT(ofac제재지갑),bc1qw75cxmxz4e2v265mue9wmqgq2m0qdyr25l2ufl
XBT(ofac제재지갑),bc1qw7vfgv3r5vnehafl0y95sclg3uqsj87wxs9ad628yjjcq33cwessr6ndyw
XBT(ofac제재지갑),bc1qw8evftpgc8wsmkemd8yl5fg2husza5z802xaym
XBT(ofac제재지갑),bc1qwa6zu6qhl6wqnlxp642vcf89nptsassle25ulf
XBT(ofac제재지갑),bc1qwtswqzvaxl6lyw3keqqzwt8z937psta3wg9sjy
XBT(ofac제재지갑),bc1qwyye7frjufeth0pecvaf3hz67lakt028dezv3p
XBT(ofac제재지갑),bc1qwz0l2ceddckwdy5rh6zyrm3x4ha6gn5f2da5zg
XBT(ofac제재지갑),bc1qx3e2axj3wsfn0ndtvlwmkghmmgm4583nqg8ngk
XBT(ofac제재지갑),bc1qx9upga7f09tsetqf78wa3qrmcjar58mkwz6ng6
XBT(ofac제재지갑),bc1qxp3sxw4q2rw3u9pd2k7udhp4eagc77jqcezv4q
XBT(ofac제재지갑),bc1qyqvyupkpl6tm60zdecef925y220ssjuagpxsm0
XBT(ofac제재지갑),bc1qyy5pt5cx3zth8xlj92lq5y87dh8xv3nwgs4ncq
XBT(ofac제재지갑),bc1qzcg8y0utezp7zkp2cmqppd3x80l4gpqzew25wy
XBT(ofac제재지갑),bc1qzqqdvukupr0qr5uckn2zjn40mkflnxu8fuuqdp
XMR(ofac제재지갑),49HqitRzdnhYjgTEAhgGpCfsjdTeMbUTU6cyR4JV1R7k2Eej9rGT8JpFiYDa4tZM6RZiFrHmMzgSrhHEqpDYKBe5B2ufNsL
XMR(ofac제재지갑),5be5543ff73456ab9f2d207887e2af87322c651ea1a873c5b25b7ffae456c320
XMR(ofac제재지갑),84AwzjeFWXNEuhj8LWinXo93AqYr6wS8ZcnaBCoGhrL7EtvBMBovdhiUSV9xLhjrPA8t64hYSaMc8bHtWXoV9129EHUjU62
XMR(ofac제재지갑),86ze8c9oUftDSTxzFBhfSJYpjvw6GYkqjeEaggy3hBVL1ou2tk79DfSj5YiZ3wjDHp541tizcQ8bVCxCtVHQncuc3asa8wz
XMR(ofac제재지갑),87XWTP9tBECHXCwbyMK1KENoy4GeXkRviNzmhNc5Pvo5ExZ1QXjtRRyFeXPuHf7fNiS7KzBZNJeGweJhMbFB647171y66id
XMR(ofac제재지갑),884Bz8UH63aYsjVdkfWfScRYWZGGNbjFL7pztqvWNSrtYT4reFSwyvkCj9KEGUtheHhhMUj87ciTBFyzoesrMJ4L1FvSoxL
XMR(ofac제재지갑),88wRZuGMuC5YQvXpKpeLFHQeZWW28XtGyZCizkqeypTaRcjzNNKVrCg7PpoEeWaj5A7wwbh5M2X9ycXrfUkbeptACsG4bVn
XMR(ofac제재지갑),8ANG5NBnApL94YAKRfCSaS7g2fjEi1DWVcFNTn3wQ5HpfsgtnusgxaXE24bbhXukTgF8esRnMsWaReRiqNbSBSbmRE5Nm5M
XRP(ofac제재지갑),rnXyVQzgxZe7TR1EPzTkGj2jxH4LMJYh66
XVG(ofac제재지갑),DFFJhnQNZf8rf67tYnesPu7MuGUpYtzv7Z
ZEC(ofac제재지갑),t1MMXtBrSp1XG38Lx9cePcNUCJj5vdWfUWL
ZEC(ofac제재지갑),t1WSKwCDL1QYRRUrCCknEs5tDLhtGVYu9KM
ZEC(ofac제재지갑),t1g7wowvQ8gn2v8jrU1biyJ26sieNqNsBJy
