코인명(OpenSanctions),지갑주소
ADA(OS제재지갑),DdzFFzCqrht4k4DfGDtBaqv6boi1jjyzW2QyEFA2imphJipAcAfdEUyFeMZJtBjjiQJBFYk8JZHffuqgUK9hxbjRwrNpeUgPD78U49Vt
ALGO(OS제재지갑),SGP2HJQBCDEX4B4PH7TVIWJZ4YZZX5C5B3TQ24QA3USY7O5X2KO5V2FPXM
ARB(OS제재지갑),0x4f47bc496083c727c5fbe3ce9cdf2b0f6496270c
BCH(OS제재지갑),18M8bJWMzWHDBMxoLqjHHAffdRy4SrzkfB
BCH(OS제재지갑),qpf2cphc5dkuclkqur7lhj2yuqq9pk3hmukle77vhq
BCH(OS제재지갑),qpusmp64rajses77x95g9ah825mtyyv74smwwkxhx3
BCH(OS제재지갑),qq3vlashthktqpeppuv7trmw070e3mydgq63zq348v
BCH(OS제재지갑),qqyuc9s700plhzr6awzru7g5z2d2p906uyrm6ht0r0
BCH(OS제재지갑),qz9f2vz3033sg5vc5mf7m7xshmj0jugy4ummf05jk8
BCH(OS제재지갑),qzjv8hrdvz6edu4gkzpnd4w6jc7zf296g5e9kkq4lx
BNB(OS제재지갑),bnb136ns6lfw4zs5hg4n85vdthaad7hq5m4gtkgf23 (Address tag 104728783)*
BSC(OS제재지갑),0x3051Ca7cB7f6C599fA2f27385AD75010cf0f2bbF
BSC(OS제재지갑),0x4f47bc496083c727c5fbe3ce9cdf2b0f6496270c
BSV(OS제재지갑),12sjrrhoFEsedNRhtgwvvRqjFTh8fZTDX9
BTC(OS제재지갑),123WBUDmSJv4GctdVEz6Qq6z8nXSKrJ4KX
BTC(OS제재지갑),125W5ek3DT6Zqy5S2iPt4FHQdNMCbZA3FU
BTC(OS제재지갑),1295rkVyNfFpqZpXvKGhDqwhP1jZcNNDMV
BTC(OS제재지갑),129zKFLoVad9JtxSmDKeJoLCsjhGR7b3vr
BTC(OS제재지갑),12HQDsicffSBaYdJ6BhnE22sfjTESmmzKx
BTC(OS제재지갑),12NpCkhddSNiDkD9rRYUCHsTT9ReMNiJjG
BTC(OS제재지갑),12QtD5BFwRsdNsAZY76UVE1xyCGNTojH9h
BTC(OS제재지갑),12VrYZgS1nmf9KHHped24xBb1aLLRpV2cT
BTC(OS제재지갑),12YCfVAEzkEZXBYhUTyJJaRkgMXiFxJgcu
BTC(OS제재지갑),12YyR9EpvHxBjjKjTWqfKqeyoWnvcraxpW
BTC(OS제재지갑),12jVCWW1ZhTLA5yVnroEJswqKwsfiZKsax
BTC(OS제재지갑),12mNKr2YP4M3CEQvCvVqZsvxuCG47LHMu1
BTC(OS제재지갑),12udabs2TkX7NXCSj6KpqXfakjE52ZPLhz
BTC(OS제재지갑),12w6v1qAaBc4W8h8C2Cu5SKFaKDSv3erUW
BTC(OS제재지갑),1348ThkNoDupq1bws95diMiL8haGs61K7M
BTC(OS제재지갑),134r8iHv69xdT6p5qVKTsHrcUEuBVZAYak
BTC(OS제재지갑),13JtX4h7G5ZuNK5mFudKGq9DHLvvMFuNuz
BTC(OS제재지갑),13LQJQ1oJ9K7PsqsGfjNhoVv6UeU6hgzQz
BTC(OS제재지갑),13RH4JaFhaCxDGPyYE9emjp2aDxdX18uBA
BTC(OS제재지갑),13ViCDZyJxxv5cZzpDDsE7aDQ3Y552zpAH
BTC(OS제재지갑),13YBQr2Cp1YY3xqq2qngaPb7ca1o4ugeq6
BTC(OS제재지갑),13f59kUM5FU8MfTG7DCEugYarDhSD7XCoC
BTC(OS제재지갑),13fhnkmpBBWXUQucJd6efWvXdEj78DKavk
BTC(OS제재지갑),13hfsQm6oCaDZehfYBSMFiJVAi1jsL6sQd
BTC(OS제재지갑),13iQsrwBYdrLpnitG5EV79o3PeHjH8XUBc
BTC(OS제재지갑),13mnk8SvDGqsQTHbiGiHBXqtaQCUKfcsnP
BTC(OS제재지갑),148LKmyZT3FGE4x1GjsFN6RsAwcjzk5iuE
BTC(OS제재지갑),149w62rY42aZBox8fGcmqNsXUzSStKeq8C
BTC(OS제재지갑),14gM1HuLVDELNHaFU22qpabjtiWek4HhV1
BTC(OS제재지갑),14kqryJUxM3a7aEi117KX9hoLUw592WsMR
BTC(OS제재지갑),14rjAD8ZP5xaL571cMRE98qgxxbg1S8mAN
BTC(OS제재지갑),158treVZBGMBThoaympxccPdZPtqUfYrT9
BTC(OS제재지갑),15PggTG7YhJKiE6B16vkKzA1YDTZipXEX4
BTC(OS제재지갑),15Pt4NwZaUmMUwS2bQbyyncc7mzgWShtv8
BTC(OS제재지갑),15UdZbmGPa2LatD3abtGpphgkHLFWftV4R
BTC(OS제재지갑),15YK647qtoZQDzNrvY6HJL6QwXduLHfT28
BTC(OS제재지갑),15cRqR3TXS1JehBGWERuxFE8NhWZzfoeeU
BTC(OS제재지갑),15kZobLkD6HZgEECtz4oS2Vz21XHTnNfSg
BTC(OS제재지갑),15qyVrZvvVGvB7GWiAZ82TNcZ6QWMKu3kx
BTC(OS제재지갑),15soXrE3NJBMkkQhrccXonTT9bpjpPvE67
BTC(OS제재지갑),15uqdxqNXQwVf5H7yZPz4TmEGeSccCwdor
BTC(OS제재지갑),15yqWQ4sqr7jzCwDtZ3U1KaCa8WMEy7Mm2
BTC(OS제재지갑),164fawNZVwsR5SamAJypvCMtkMx4Xv1B3f
BTC(OS제재지갑),16EKTes8ahD8xvwisqjc2xSNLiG3fDHatW
BTC(OS제재지갑),16PhXY3hNNMTo8kpuJx2emh713KbWpkqci
BTC(OS제재지갑),16SPDQFFzgsoNSPiFFTfS8Dw8LLXqia4oc
BTC(OS제재지갑),16ZSAEfYpPCj3D94fsNt2okYj9Ue8mxy6T
BTC(OS제재지갑),16p2UWTZwXRyK5bTHNVjdDyy1D3EQGsZf2
BTC(OS제재지갑),16tByCYzxuWiN8kF9FrK9jJy6eQYLVkQ1i
BTC(OS제재지갑),16ti2EXaae5izfkUZ1Zc59HMcsdnHpP5QJ
BTC(OS제재지갑),175BUqf8JCU1uoG1iTRKTacDa4uvJDUCw2
BTC(OS제재지갑),17QAWGVpFV4gZ25NQug46e5mBho4uDP6MD
BTC(OS제재지갑),17UVSMegvrzfobKC82dHXpZLtLcqzW9stF
BTC(OS제재지갑),17V7THwHMiDJmDwZK4unhE5HgKFJKx7VCe
BTC(OS제재지갑),17a5bpKvEp1j1Trs4qTbcNZrby53JbaS9C
BTC(OS제재지갑),17ezuJoT3XBbdcwFZbkTnrXbup11F4uhiy
BTC(OS제재지갑),17mhyeBX617ABZ1ffThhUTJkHUcMvCkfd5
BTC(OS제재지갑),182NGZbPJXwg2WDrhrPpR7tpiGQkNPF844
BTC(OS제재지갑),18Ke1QWE9nQfXuhJijHggZuPJ5ZYxapoBK
BTC(OS제재지갑),18Qj1THHuETfYhuRDZycXJbWwDMGw73Poa
BTC(OS제재지갑),18aqbRhHupgvC9K8qEqD78phmTQQWs7B5d
BTC(OS제재지갑),18cFGAdYcvNHkuhXLBE7izQKCyUW8TzCJE
BTC(OS제재지갑),18dLDAWi8LmrHbEq3QzDJb9SLxCf4uimXB
BTC(OS제재지갑),18gaXypKj9M23S2zT9qZfL9iPbLFM372Q5
BTC(OS제재지갑),18uKfaUjgG52rVeXEi3wxnveww7zZuECtE
BTC(OS제재지갑),18yWCu6agTxYqAerMxiz9sgHrK3ViezzGa
BTC(OS제재지갑),18yzhmcgHtRVoEX3doCrqhis6fFU1dHFUE
BTC(OS제재지갑),194xmrZA53UBsZau2PnJLdmVVW9m5feeS
BTC(OS제재지갑),1986rYHckYbJpGQJy6ornuMyD2N5MTqwDt
BTC(OS제재지갑),19D1iGzDr7FyAdiy3ZZdxMd6ttHj1kj6WW
BTC(OS제재지갑),19D8PHBjZH29uS1uPZ4m3sVyqqfF8UFG9o
BTC(OS제재지갑),19FQzHibWDhSP8pKmJS3uagFYoisXtehzw
BTC(OS제재지갑),19GrL5jnUkGmHXVcraB1Etv5rXCANeLWpq
BTC(OS제재지갑),19XVEDZCGVMA9WCF1qUayxtnjUnyD7zDDQ
BTC(OS제재지갑),19pPbUDvoSBZafkUCYkD2Z9AkuqqV6sWm7
BTC(OS제재지갑),1A3iYY4c3dkgNYGewzYzr7EsqfBuWXibGo
BTC(OS제재지갑),1A7SKE2dQtezLktCY8peLsdAtkqxV9r1dC
BTC(OS제재지갑),1A7pDH1EdrkH9YZtsPnc8uzirBFnAN9Eay
BTC(OS제재지갑),1ANpca7g93BwptUJg1zV116v49zn9gjDi3
BTC(OS제재지갑),1AXUTu9y3H8w4wYx4BjyFWgRhZKDhmcMrn
BTC(OS제재지갑),1AeSq93WDNdLoEJ92sex7T8xQZoYYm8BtS
BTC(OS제재지갑),1AjZPMsnmpdK2Rv9KQNfMurTXinscVro9V
BTC(OS제재지갑),1AoxtfiBQ22DvbhqAN9Ctb8sULMRhrdwTr
BTC(OS제재지갑),1B11Ezqg3AXjFhMdRq5UpPDpNyriYNVtkn
BTC(OS제재지갑),1B3u21itzjgKtm7QsNQNCBpSkwzzeDHqrW
BTC(OS제재지갑),1B64QRxfaa35MVkf7sDjuGUYAP5izQt7Qi
BTC(OS제재지갑),1BCWMwpR4M1nYUuuYe2bmzrNuwGoF9ZAbA
BTC(OS제재지갑),1BiUFjzH6wsT73U3tfy4aXHCQsYQHzjk5h
BTC(OS제재지갑),1BvJRBRp9ZZ6zLyuZaZsV7g3xP6JokdZQW
BTC(OS제재지갑),1C6hetVWVXZnS6P2BYBNu5Y1ZJ57JyXGac
BTC(OS제재지갑),1C7RpJNE19HgefzWVCSaUqRTHAwGAFkbYV
BTC(OS제재지갑),1CF46Rfbp97absrs7zb7dFfZS6qBXUm9EP
BTC(OS제재지갑),1CG1aSCxUnbmv9G34ofxTQoHtuVnMLJtQV
BTC(OS제재지갑),1CNbhgxGRZvsWnEHotfXge7k2E1UPzBDC7
BTC(OS제재지갑),1CPJak9ZyddbawMGJPyEhCiJLXXb4sYv8N
BTC(OS제재지갑),1CddRqw7oSPrT4tt5oXKyx2LiHJDPszy7y
BTC(OS제재지갑),1D1ej7zQzywWBDNXKNYpmH7Hso2U9koDG4
BTC(OS제재지갑),1D3GuaS9eqKw8dWj9JFQtNufdRtysjSLxZ
BTC(OS제재지갑),1D6gG9iKEhPitTcWRJiniuj1jYM2hNeAfJ
BTC(OS제재지갑),1DDA93oZPn7wte2eR1ABwcFoxUFxkKMwCf
BTC(OS제재지갑),1DGsY4ww3BJnWXTsnmTgWa6UWdoRXgA1pX
BTC(OS제재지갑),1DH2xDH7TngrDU6LXciprKCBKNcPA1xX8A
BTC(OS제재지갑),1DJoEMvp95yJYWyxAZy8DDBzuvjnrTVrsN
BTC(OS제재지갑),1DJoVLgn1foJHHngduRPJvRbwpaFEKxvxd
BTC(OS제재지갑),1DKGRGJXGNLAtTeFb9SNPNHtrkZ87q7qKi
BTC(OS제재지갑),1DT3tenf14cxz9WFNxmYrXFbB6TFiVWA9U
BTC(OS제재지갑),1DYFJ6CuBvrxyoQSuBzVsNcetY9tvdsrag
BTC(OS제재지갑),1DbShx4r8i2XesthoDBf5EkYWz5dsKEusV
BTC(OS제재지갑),1DbvK8P6imBuLcwh2Vruis4xsUb8YAwJQF
BTC(OS제재지갑),1Df883c96LVauVsx9FEgnsourD8DELwCUQ
BTC(OS제재지갑),1Dpddb1TMjvmNQeYDqgyd1ww6cmwPJRdSk
BTC(OS제재지갑),1DrhHEkv42JVwiDQNi28JFdSuiSGgPNXwP
BTC(OS제재지갑),1DtGgdCi9VPKz2Bpq8GQhUQEPnQ5HwaT9n
BTC(OS제재지갑),1E9uUnLbyfToazo95vmM3ysYnzgkrL7GeC
BTC(OS제재지갑),1ECeZBxCVJ8Wm2JSN3Cyc6rge2gnvD3W5K
BTC(OS제재지갑),1EDcKCRypUTFoTZbxDWF9MBAT4W7XUGB32
BTC(OS제재지갑),1EVTZmTMqZPMzGxsug9TXBtvPJZH8dXSCK
BTC(OS제재지갑),1EYitrwBYNWuTBcjZFbEUdqHppe2raLpaF
BTC(OS제재지갑),1EYya5dfNvuYDwpeboGKBtkXzJcEHMCQXR
BTC(OS제재지갑),1Edue8XZCWNoDBNZgnQkCCivDyr9GEo4x6
BTC(OS제재지갑),1EfMVkxQQuZfBdocpJu6RUsCJvenQWbQyE
BTC(OS제재지갑),1EfmRn6Bp3cjrTBubaH8MzRRc2ikSjNGXw
BTC(OS제재지갑),1EpMiZkQVekM5ij12nMiEwttFPcDK9XhX6
BTC(OS제재지갑),1EtMuBPQnPCa3cecerdSH1SzydxnhbTmw
BTC(OS제재지갑),1EuUMPBCZtSd5pVVFEqmRqUSfU1qy6ASuL
BTC(OS제재지갑),1EvhBad5wCZYhBoAsGaciV6AvmZ1osLpeJ
BTC(OS제재지갑),1F2Gdug9ib9NQMhKMGGJczzMk5SuENoqrp
BTC(OS제재지갑),1F317n2eJEMaEMGiwCqtd5XCU3wF7jzPEW
BTC(OS제재지갑),1F7UL41qYm6TvnExZzPHBCyeENvX3XDEMS
BTC(OS제재지갑),1FCNgfZWpYMeYhy9t18AAkTBu8AsdoAc1Z
BTC(OS제재지갑),1FE2cuvkq8n5VGwj5hi8YYQxskwJpovPyV
BTC(OS제재지갑),1FFS6pX1TCKTNy668Mbk2Lyoem1qB48kYX
BTC(OS제재지갑),1FRyL9gmFGbzfYDAB4iY9836DJe3KSnjP9
BTC(OS제재지갑),1FjubFHV4mpYjBmvjsEhZssyiiA4TNmnm2
BTC(OS제재지갑),1Fz29BQp82pE3vXXcsZoMNQ3KSHfMzfMe3
BTC(OS제재지갑),1G64TFMFVJTjhJXra6x74BBhsfSyiWaFtT
BTC(OS제재지갑),1G6DuwDKNHiUWqks2Lgu44cesu7ffFbLK7
BTC(OS제재지갑),1G9A8WRjGXdnYY4TNEVRrcaHsMtana4ncF
BTC(OS제재지갑),1G9CKRHA3mx22DoT1QyNYrh85VSQ19Y1em
BTC(OS제재지갑),1GALPyvUDDXqA6H2eHQ9Y1yidfQ6T1Drvn
BTC(OS제재지갑),1GC2SjzCyCwxo1uxTi28oqn9L3mJj7bLPs
BTC(OS제재지갑),1GYuu9d5HPikafbys3k5Q3DRJq6debGsoB
BTC(OS제재지갑),1GcKLUUXodTQcLcPD7VLMgvCc4hs5Q775
BTC(OS제재지갑),1Ge8JodC2HiBiEuT7D3MoH6Fak6XrcT9Kf
BTC(OS제재지갑),1Gekw8ACSs37oXcc5XQHvoux3iKoVFtpF4
BTC(OS제재지갑),1GkLN7DbA9mAtHNzQWNPANcdWbefaz4Gzm
BTC(OS제재지갑),1GnFTy5F9qi5MfaRZfgdg2jkyT5xtAHvd8
BTC(OS제재지갑),1GqChmWqGtsaLrGbHfgdrV5Nkvahtjjuxr
BTC(OS제재지갑),1H8sDTTgJPBKw83EBZDLhXvetCbxZUMMZM
BTC(OS제재지갑),1H939dom7i4WDLCKyGbXUp3fs9CSTNRzgL
BTC(OS제재지갑),1HH8eiuaTMucTNyvGCUmAvmCZCtdMi8SqK
BTC(OS제재지갑),1Hhe61Bwxs8Hd2WxzWY9FQyZicBiZGeSNW
BTC(OS제재지갑),1HmqvgSXUVES1jn4TQPzk9dxo1NE8wim2T
BTC(OS제재지갑),1Hn9ErTCPRP6j5UDBeuXPGuq5RtRjFJxJQ
BTC(OS제재지갑),1Hpj6qm9i7nMF3VkKfBFtjhEDpEjxHWvgv
BTC(OS제재지갑),1HuYfoEwsfHgZiRhbhJrCd5ST3iksa8KEx
BTC(OS제재지갑),1J378PbmTKn2sEw6NBrSWVfjZLBZW3DZem
BTC(OS제재지갑),1J6cgUVEZRKyJhpXJgHWX7YmzkdnHRaLhF
BTC(OS제재지갑),1J9oGoAiHeRfeMZeUnJ9W7RpV55CdKtgYE
BTC(OS제재지갑),1J9wJH2bamZVxscXAvoDH4jvtGKb7sYFDm
BTC(OS제재지갑),1JHdQHkBZiim1cb4hyUh2PbzEbbg6z2TrF
BTC(OS제재지갑),1JPfVv5cWRLx1js9NWxg46dG2CGbeRz4th
BTC(OS제재지갑),1JPqJ8sxLBvdHBqMqSFBmUkoh2vAuCUNvs
BTC(OS제재지갑),1JREJdZupiFhE7ZzQPtASuMCvvpXC7wRsC
BTC(OS제재지갑),1JpSBaUwrZaEgmsYka7mzm9t3Z4syyaw7A
BTC(OS제재지갑),1Js6goCey2NaqPQptiLANLQGuk4d6mowjP
BTC(OS제재지갑),1Juv2Ks3jJFUes8jEGxwgt6T6csBRQmmRw
BTC(OS제재지갑),1K2fmE9hfhbRNSZoBvCBWZAvsS5idTUxBG
BTC(OS제재지갑),1KSAbh5trMCTZwhiNsuUQvfTtSSTT8zqRk
BTC(OS제재지갑),1KUUJPkyDhamZXgpsyXqNGc3x1QPXtdhgz
BTC(OS제재지갑),1Kc6egXevyLEaeTxLFA1Zyw7GuhCN8jQtt
BTC(OS제재지갑),1KctQENEX5QkQMpnMC3Zh9yRAzkMBLpPcr
BTC(OS제재지갑),1KgudqxMfYaGzqAA7MS4DcsqejtMteqhix
BTC(OS제재지갑),1KkaKujnqwJf7Cbm7JKAZGF3X9d4685m8n
BTC(OS제재지갑),1Kuf2Rd8mDyAViwBozGTNYnvWL8uYFrkVo
BTC(OS제재지갑),1Kys8fqDen8NGFUJ6AFcXfFW5qquuTH4eh
BTC(OS제재지갑),1L4ncif9hh9TnUveqWq77HfWWt6CJWtrnb
BTC(OS제재지갑),1LAh7PQwpd1uGiLHae5C5Xz9QXse3y2phq
BTC(OS제재지갑),1LBQd4ZxtQYYsDWrCzK4uMxHBJVxmyzs3M
BTC(OS제재지갑),1LKE3XA9bf5JFqtGtCHzWj5QGxKGwMfXZw
BTC(OS제재지갑),1LPTaRfyoNwvwAtmYzcetZLjBfUxVkJrr4
BTC(OS제재지갑),1LQV6yUBcfTjAWvFu3XPhdTgjqihss7i1z
BTC(OS제재지갑),1LhRW1msre1cFgT7fBY2BRrZ4ANMPwVj9u
BTC(OS제재지갑),1LiNmTUPSJEd92ZgVJjAV3RT9BzUjvUCkx
BTC(OS제재지갑),1Licqjca74n8pmNaoARXLLqcTUTHFpxbXH
BTC(OS제재지갑),1Ljk8RNNabkZ9bfDYQBn98XfFozJhTjqcZ
BTC(OS제재지갑),1Lm9BCDUKoBUk888DCXewM5p8bJyr83cEp
BTC(OS제재지갑),1LpYKb3SXZPve9hsH2QEJZFX279wJVGowi
BTC(OS제재지갑),1LrxsRd7zNuxPJcL5rttnoeJFy1y4AffYY
BTC(OS제재지갑),1LuDiMd95Df4i2bcvrfw47t2GKpLLXAQMZ
BTC(OS제재지갑),1M5N4sJ1NHb4fviLVZA5MZLKhLZqU4CPZz
BTC(OS제재지갑),1MLPqwaFFUBZePTjpR3nxRoK19Cv9mPCc7
BTC(OS제재지갑),1MQBDeRWsiJBf7K1VGjJ7PWEL6GJXMfmLg
BTC(OS제재지갑),1MbtT2ZsTtLp7EKZUV9r74cTyqvsMtTP2M
BTC(OS제재지갑),1MiQRekg4BatJ12qbiSGnNakLLd8xbLMCG
BTC(OS제재지갑),1MkCnCa9agS5t6V1B15bzusBgYECB4LfWp
BTC(OS제재지갑),1MnbhWe5wr7Ut45ReyQsm96PwnM9jD7KaH
BTC(OS제재지갑),1MtsQsw6n2jvJCWhpCw7jifTfD9Q3rBBVg
BTC(OS제재지갑),1N6XqSf3ULpNjko9LrJmHudRoLitjwkETN
BTC(OS제재지갑),1NE2NiGhhbkFPSEyNWwj7hKGhGDedBtSrQ
BTC(OS제재지갑),1NaRX1GZgtZ7E8iXo8YUdTtnb8rAK5QFJa
BTC(OS제재지갑),1NayLEVF3bEEbDtdF2Cwso1VdEtvVNh2qX
BTC(OS제재지갑),1NbGwQwt4uEhg2srAKppLf8QaF6fbp3PZG
BTC(OS제재지갑),1NpHuti9NSM9fVTXLkvSDU4AnhqGQ5N53d
BTC(OS제재지갑),1NuBZQXJPyYQGfoBib8wWBDpZmbtkJa5Ba
BTC(OS제재지갑),1NvJm3jfZxENNyqws5BKQvhkLxg9chLJdo
BTC(OS제재지갑),1P3ZfGFLezzYGg9k5SVzQmnjyh7nrUmF2y
BTC(OS제재지갑),1PJp8diNa89cVHpiT1VPu7EQ8LxYM5HX6v
BTC(OS제재지갑),1PWRKxkR5AU7Tc9zPqjdhtu1eGW1QZzs4y
BTC(OS제재지갑),1PXxwPVtYxZiCRp9LKq7aKMDFrhAQztvUE
BTC(OS제재지갑),1PYtgFS2t6i57WdDvbRa7kPcsagGMBxzfg
BTC(OS제재지갑),1PfwHNxUnkpfkK9MKjMqzR3Xq3KCtq9u17
BTC(OS제재지갑),1PhqQpaGCrqSxQ6QDXcv14QCd1U98Zp34E
BTC(OS제재지갑),1Pu1nAW7kCoSMThMs8QcpM8JxuByQDZgH
BTC(OS제재지갑),1Q4tJjH2aBr3AJrzxqa4Z3jPpf5SDgF4jK
BTC(OS제재지갑),1Q6saNmqKkyFB9mFR68Ck8F7Dp7dTopF2W
BTC(OS제재지갑),1Q9UAQbcDezmyouFrzt94t4dSMxgsUfW1X
BTC(OS제재지갑),1QH9hfeSSb2iftcVpgpQp3NsFD174crFoW
BTC(OS제재지갑),1QHxyuLGRMHfbNPJikV4Dwhfx45HWfUMWB
BTC(OS제재지갑),1QJUiNsNfji6mR1FjAwf6Eg9NxxHPoxpWL
BTC(OS제재지갑),1Sf6e4xQv8muMZqYPTdRFf3e5o5eWcg9F
BTC(OS제재지갑),1ULEqcd5te8AWqFpH7HD4KvJZ1AKcJPam
BTC(OS제재지갑),1r6S9vpUZPS5rb6gSdwV2bvSFcN3uSq4q
BTC(OS제재지갑),1uLdz4wXrcXjCy2CqLWuJUiE85Y7SJ1ge
BTC(OS제재지갑),31nadacWrgPeAQxKRMabhn3fPhnhi3hjKa
BTC(OS제재지갑),31p6woV4e55HUfC2aGynFhzQnGoJFW26cD
BTC(OS제재지갑),31t4nEpcwyQJT1VuXdAoQZTT5givRDPsNP
BTC(OS제재지갑),31yqH1jVEPDJ7x9L648Ec5umM2G3zNDoe5
BTC(OS제재지갑),32DaxSzUhLBHY2WGSWQYiBSHnRsfQZrrRp
BTC(OS제재지갑),32PsiT8itBrEF84ebdaF82yBUEcz5Wc6uY
BTC(OS제재지갑),32VgTk8kGvBsqkHhkvtNooGdtqZm46jTVo
BTC(OS제재지갑),32fbAZMTaQxNd2fAue1PgsiPgWfcsHBQQt
BTC(OS제재지갑),32jgFkZsTEjMFaBvxJnYvJEeTNKTmq5b32
BTC(OS제재지갑),32pCmCWEjwhkLwh5BgLNAeBQFp5Gi1hv81
BTC(OS제재지갑),32pTjxTNi7snk8sodrgfmdKao3DEn1nVJM
BTC(OS제재지갑),32wdqwX3zCEX3DhAVEcKwXCEGdzgBnx1R9
BTC(OS제재지갑),331TS6DyASY7iU5CRA8UryBnkPS78fP2B1
BTC(OS제재지갑),33KKjn4exdBJQkTtdWxqpdVsWxrw3LareG
BTC(OS제재지갑),33Kja69SQVc8kozpoP7Qw6HFtGxHkiWzTz
BTC(OS제재지갑),33fWcMdmsB2Ey4CEbVWbjGFkuevBSyP9nG
BTC(OS제재지갑),33xWfziVZesgo83U5izdNCBVTnrtBpSwK7
BTC(OS제재지갑),343w3Xh64q5UpgpvAPqmsUzxrknde8PQHb
BTC(OS제재지갑),347QFbejDBdMZFTxpmn6evvvqyXiqZTCd7
BTC(OS제재지갑),34ETiHfQWEYFCCaXmEeQWVmhFH5vz2JMvd
BTC(OS제재지갑),34WWXwFKAsXL9zYxbeNPaPV6vDamkjQLUo
BTC(OS제재지갑),34dxZvijpBM1YkPybczbQ7DuGuKAnULdfS
BTC(OS제재지갑),34kEYgpijvCmjvahRXXQEnBH76UGJVx2wg
BTC(OS제재지갑),34kWCKF2wCbe6uinit2uL4ND6d8yxsuxKM
BTC(OS제재지갑),34pFGsSYbWEritXncW9unZtQQE9dKSvKku
BTC(OS제재지갑),35KAdTa2vqnJzitF2xiUzZn1Gmcas2Y465
BTC(OS제재지갑),35LScRJ8hzDvvWh9t9UA8bHGnGNVz3YEfa
BTC(OS제재지갑),35QpLWYkvD3ALhjbge5bK2kd7HfHYcDMu3
BTC(OS제재지갑),35SwVFxosV3AsvnrBfzdXarqavRbvDyyxv
BTC(OS제재지갑),35aTjkBh4yeTypJsi9nuTdoMKHTsawKVgX
BTC(OS제재지갑),35eanEz5iYg2eYaxCtMrR4SCoypFqrBWUH
BTC(OS제재지갑),35hh9dg3wSvUJz9vFk1FsezLE5Fx3Hudk2
BTC(OS제재지갑),35irs2AU6pVgenYbWvMRz22avDBLC9XMkd
BTC(OS제재지갑),35qwVtMEohWDdBWRiCSR7azoP5cbY8SG1Q
BTC(OS제재지갑),35vypiSvQsxRiT3YZzGRGVaduUSx67ysZb
BTC(OS제재지갑),361AkMKNNWYwZRsCE8pPNmoh5aQf4V7g4p
BTC(OS제재지갑),361NP7YcBPQ4KkLT3Y2QZeDEV4M3yi65Ar
BTC(OS제재지갑),3685sEusmTwZBiKJ4cgV73EAhpVD1nbgbe
BTC(OS제재지갑),36XqYWGvUQwBrYLRVuegN4pJJJSPWL1WEu
BTC(OS제재지갑),36YGN5dGzqrxMomTHdkT6cYVMnWBw8S7hD
BTC(OS제재지갑),36ia8qAE1k1PKQePdXENCm1YKLXxZyVnnc
BTC(OS제재지갑),36yS87PLuW7sErLg1TY26WzaVarTim7AcC
BTC(OS제재지갑),372Wk9NLrMkJzKgqJdatWJy4bYRfxFjgat
BTC(OS제재지갑),374RguZDMNW5Zh5ouW3KhKDcrerKusmsuk
BTC(OS제재지갑),37KHumAdzFcg1fXMv36UGg91MHPqhJUv19
BTC(OS제재지갑),37dDBCexFPraKW4jGSqkE3NyG52YeZQbJx
BTC(OS제재지갑),37fKFZQGMqdBkjSUub1jCDWGgSHwv9VxfZ
BTC(OS제재지갑),37g6WgqedzZx6nx51tYgssNG8Hnknyj5nL
BTC(OS제재지갑),386sPhHBbLidzPnoxUH74jiiYkHYtobefQ
BTC(OS제재지갑),386wa1UM6nA798AWNh64jdrejZyedeXgUN
BTC(OS제재지갑),389Sft4nJFkPGhbagk9FN4jXncA9piYTuU
BTC(OS제재지갑),38LjCapRrJEW7w2zwbyS15P9D9UGPjWS44
BTC(OS제재지갑),38TftW1heYPqvKbiAhT4ttNBqkUPpooXad
BTC(OS제재지갑),38ncxqt932N9CcfNfYuHGZgCyR85hDkWBW
BTC(OS제재지갑),39AALn7eTjdPzLb99hHhD6F7J8QWB3R2Rd
BTC(OS제재지갑),39HJB4x6W5QuKFEuV1tfcfNveLRJTzcC12
BTC(OS제재지갑),39KQvziHwUe2vddbpfC5WkQEV72qbQhxuh
BTC(OS제재지갑),39NG2LcGRHXxSr1irpEVnJMw4ydL231sEn
BTC(OS제재지갑),39Te8MbphSgs7npDJPj2hbNzhke61NTcnB
BTC(OS제재지갑),39eboeqYNFe2VoLC3mUGx4dh6GNhLB3D2q
BTC(OS제재지갑),39fhoB2DohisGBbHvvfmkdPdShT75CNHdX
BTC(OS제재지갑),39p8qWp1bkBNhi4vPpFTetKPtH7goqNDZf
BTC(OS제재지갑),3A1HH3PseYMkh2nSrBb4kkVt3815kUNVVC
BTC(OS제재지갑),3AFcE2mbSSndcpYFgHoExSmjUc26ef2gQh
BTC(OS제재지갑),3ANWhUnHujdwbw2jEuGSRH6bvFsD9BqEy9
BTC(OS제재지갑),3AQSmMk5n3c6TKEg9B2WyzYAPm33gJJAA4
BTC(OS제재지갑),3AYU365Tcjef7j9pdKF9Xe8rWpEpsH196t
BTC(OS제재지갑),3AjiWiUdKB5mcGUSS9mBeoHCeYJw3Zo8r6
BTC(OS제재지갑),3AjyprBY5yhijiCjUC5NUJutGbwhd3AQdE
BTC(OS제재지갑),3B3vmabBbeDRnVrjvvq3hm85zVB4v5bWFC
BTC(OS제재지갑),3B4G1M8eF3cThbeMwhEWkKzczw9QoNTGak
BTC(OS제재지갑),3B7S6zrgxQVQUHTU8wstM23tB9afE7ojuX
BTC(OS제재지갑),3BCN3WgMRJwULTz1vsEQ7NZrBjwaUBf5Ca
BTC(OS제재지갑),3BQACtiMXYB9JpUMpkEWt9m8BzswpGHq4X
BTC(OS제재지갑),3BWP6ZQAhc4j5wR1b95zJAthJEFvhdees7
BTC(OS제재지갑),3BazbaTP8ELJUEfPBV9z5HXEdgBziV9p7W
BTC(OS제재지갑),3BsyZ7qRFSi3NsaoV1Ff724qAgrEpjVUHm
BTC(OS제재지갑),3CCmt5LjQ5yKkaFY1DWC2SbERVEtWRnSRD
BTC(OS제재지갑),3CuqLrZWn5oCe6DRScdRwiFv8txcahrsG3
BTC(OS제재지갑),3Czhm6xqn8odwz6jgTcjRrUjog28v6aVS8
BTC(OS제재지갑),3D44E2Z3PcLa868GeBNiP5E2GPTfVLULUJ
BTC(OS제재지갑),3DCCgmyKozcZkFBzYb1A2x8abZCpAUTPPk
BTC(OS제재지갑),3DLGfN7hgsWXXSp9euXcnmWXLpFQuswW2t
BTC(OS제재지갑),3DNsaQnaUz7wkQny1ZDSmtz6QfbEShxoDD
BTC(OS제재지갑),3E6rY4dSCDW6y2bzJNwrjvTtdmMQjB6yeh
BTC(OS제재지갑),3E7YbpXuhh3CWFks1jmvWoV8y5DvsfzE6n
BTC(OS제재지갑),3EL5vcYeu1cnivLtR7tnAX3bBirr9ATNAL
BTC(OS제재지갑),3EPqGUw2q89pwPZ1UF8FJspE2AyojSTjdu
BTC(OS제재지갑),3EQoMXw6Xi8zNzY8tLfJbkWjV5EXsQP4Es
BTC(OS제재지갑),3ES6pqCueDPCnC4hCqhhYuey6gyiRJZw6E
BTC(OS제재지갑),3EUjqe9UpmyXCFd6jeu69hoTzndMRfxw9M
BTC(OS제재지갑),3EeR8FbcPbkcGj77D6ttneJxmsr3Nu7KGV
BTC(OS제재지갑),3EynPFpoGTPxU9m5bPaEDEUxUanzh7vgQP
BTC(OS제재지갑),3F2sZ4jbhvDKQdGbHYPC6ZxFXEau2m5Lqj
BTC(OS제재지갑),3F6bbvS1krsc1qR8FsbTDfYQyvkMm3QvmR
BTC(OS제재지갑),3FBgeJdhiBe22UoSpp51Vd8dPHVa2A4wZX
BTC(OS제재지갑),3FWSkG5NmyXF3rqMav7piXiJUDYzKpgFRT
BTC(OS제재지갑),3FfRvC3kSo2SxiQe5e7SSuNdegwgq8iusL
BTC(OS제재지갑),3FgaJMgxCfU3qqQ3Yiqv3Xw8rmLDDkByeo
BTC(OS제재지갑),3FoD1f6Tfnq3s8MYHgJqFPWv9cUrtUdBSv
BTC(OS제재지갑),3GAUBtrTtWp1D9yeXgr3wMg8B599QHa5m5
BTC(OS제재지갑),3GBGnqDqdiskCmfq2Rchk1LcBoSo4P3DZQ
BTC(OS제재지갑),3GMfGEDYMTq9G8dEHet1zLtUFJwYwSNa3Y
BTC(OS제재지갑),3GSXNXzyCDoQ1Rhsc7F1jjjFe7DGcHHdcM
BTC(OS제재지갑),3GXdtA6kbb4M5aqzZm5qqxcFDFRMW8LqdJ
BTC(OS제재지갑),3GYbbYkvqvjF5oYhaKCgQYCvcVE1JENk6J
BTC(OS제재지갑),3Gbs4rjcVUtQd8p3CiFUCxPLZwRqurezRZ
BTC(OS제재지갑),3GuQjr7kkrR5EjpanMgyAuxuLgrjEUwe21
BTC(OS제재지갑),3H3rh85qPaGLy2w6618yZNaH7i8asHv46B
BTC(OS제재지갑),3H4qaWi5DS6FMwyZrG9xRRud3Qc5dUVn2U
BTC(OS제재지갑),3HJN4jRa4mdfkey9JR9jUhr86yPwL86A3C
BTC(OS제재지갑),3HQDRyzwm82MFmLWtmyikDM9JQEtVT6vAp
BTC(OS제재지갑),3HQJ9ta7TmYNRjkby3nbMGdHzNCCiXs3Ui
BTC(OS제재지갑),3HQRveQzPifZorZLDXHernc5zjoZax8U9f
BTC(OS제재지갑),3HRExd8GKFskZC5inmVcpiyy9UWG7FVa6o
BTC(OS제재지갑),3HSZc4BLnQBznjSq7JvXgqNCZUUs3M9fZz
BTC(OS제재지갑),3HWjh69cVQvcPeLWVCyVmXEq72nyDSj5zP
BTC(OS제재지갑),3He6EyDaCUgmdr4GXqhxbeTQukaGLCByU2
BTC(OS제재지갑),3HePkztPU6UsdENxnyQHFrdZA6eVKeMtvz
BTC(OS제재지갑),3HqA7i3ttECLvgqvq69HNxxUP5BL7Z5YgA
BTC(OS제재지갑),3HupEUfKmMhvhXqf8TMoPAyqDcRC1kpe65
BTC(OS제재지갑),3J19qffPT6mxQUcV6k5yVURGZtdhpdGr4y
BTC(OS제재지갑),3JHMz3mTna1gVCZSPp8NgRFiY7phkv5mA8
BTC(OS제재지갑),3JLyyLbwciWAC6re87D7mRknXakR4YbnUd
BTC(OS제재지갑),3JUwAS7seL3fh5hxWh9fu3HCiEzjuQLTfg
BTC(OS제재지갑),3JXKQ81JzBqVbB8VHdV9Jtd7auWokkdPgY
BTC(OS제재지갑),3JhPsVV3KnL9dBYGSZALS9EbrLr97R865a
BTC(OS제재지갑),3Jpf9B5P8cvEKSSGp9cES3Upbms8VRnXUb
BTC(OS제재지갑),3JuSgFrwnrNfuhvR4GpWAPmeJVot4xrEae
BTC(OS제재지갑),3K26aMKmnrv97Pj6YiFcqiXk2LxeHfhnG3
BTC(OS제재지갑),3K35dyL85fR9ht7UgzPfd1gLRRXQtNTqE3
BTC(OS제재지갑),3K4rjdh8A5yi6LWvft2rbmyZvqEbPSSSX4
BTC(OS제재지갑),3K7PMJyMNVnxqsfpmK9r9nJDtzDw9wNwNV
BTC(OS제재지갑),3KGQ3hX6eFYtBjTBFSdvdkzHmwZyYWLRQh
BTC(OS제재지갑),3KHfXU24Bt3YD5Ef4J7uNp2buCuhrxfGen
BTC(OS제재지갑),3Kp8Qc5z7yevDeoQxhS5RSSKnEi5x7AQ43
BTC(OS제재지갑),3KvBX3jo69Qn8jHy44M33RYoeYcf8DdRBD
BTC(OS제재지갑),3L1PSCgfPKJAfQCZcoKfbvWf1fBmWM1Bbs
BTC(OS제재지갑),3LDbNuDkKmLae5r3a5icPA5CQg2Y8F7ogW
BTC(OS제재지갑),3LLUnf3ezw6mCbQ2zCZmGu5rZULzkhxQi7
BTC(OS제재지갑),3LbDu1rUXHNyiz4i8eb3KwkSSBMf7C583D
BTC(OS제재지갑),3LhnVMcBq4gsR7aDaRr9XmUo17CuYBV4FN
BTC(OS제재지갑),3Lpoy53K625zVeE47ZasiG5jGkAxJ27kh1
BTC(OS제재지갑),3M7CGBPUJwXXSroWuZ6H5jiprdKCyf7V5M
BTC(OS제재지갑),3MD3riFB6U8PykypF6qkvSj8R2SGdUDPn3
BTC(OS제재지갑),3MKXKqPXf6VxTLkVSXuDKzaTiZZaz5AmiK
BTC(OS제재지갑),3MN8nYo1tt5hLxMwMbxDkXWd7Xu522hb9P
BTC(OS제재지갑),3MNWiGeoKAhtTrbJuUXpvSRYJSNvmyJSWE
BTC(OS제재지갑),3MP7yBGSW2gkXVRE8S84T2j4KVgPh3rEzv
BTC(OS제재지갑),3MTRvM5QrYZHKo8gh5qKcrPK3RLjxcDCZE
BTC(OS제재지갑),3MTrJTFhYK9v1C6pjHtuweZSopfZa4b1wb
BTC(OS제재지갑),3MhdvQccMd5zAh92WrW7SpcHXwfW1uiamD
BTC(OS제재지갑),3MkUNScqf21EcfWq6T4x2MFgBeSTqhB5t6
BTC(OS제재지갑),3MvQ4gThF4mmuo49p4dBNchcmFHBRZnYfx
BTC(OS제재지갑),3My1ffQr5qQzmq4aBFgRqwRYqfB5zPAt8t
BTC(OS제재지갑),3MzLtBQ4Lz9J6w4Qu55TktgxFKZwxYWrP6
BTC(OS제재지갑),3N3YSDvp4cbhEgNGabQxTN39kEzJmwG8Ah
BTC(OS제재지갑),3N6WeZ6i34taX8Ditser6LKWBcXmt2XXL4
BTC(OS제재지갑),3N9YcPBDky9UsMx1RTk33tL4jDkZfSnsPk
BTC(OS제재지갑),3NDzzVxiLBUs1WPvVGRfCYDTAD2Ua2PvW4
BTC(OS제재지갑),3NEcQKZ8RwL2eDNhmMPpZ4td9vPsQh9JwM
BTC(OS제재지갑),3NNcbBcMZokPB2JC2dxYuZrpgcetvyGeJn
BTC(OS제재지갑),3NPognMSbzyA2JYW2fpkVKWyBMi2XTq2Zt
BTC(OS제재지갑),3NQ1aa9ceirMJ1JvRq3eXefvXj1L639fzX
BTC(OS제재지갑),3NRJ8aXdUiZdHaiFX9ePX3DhGHzcEi14Fq
BTC(OS제재지갑),3NU9zkD8CCVGVmYnNNSN7PbU9sSFQBm5UV
BTC(OS제재지갑),3P6PzdfETr4275Gn3veLkCyDxA1jV8fHKm
BTC(OS제재지갑),3PDmRwotTkRAFRLGTUrucCERp2JdM1q4ar
BTC(OS제재지갑),3PKiHs4GY4rFg8dpppNVPXGPqMX6K2cBML
BTC(OS제재지갑),3PUmTuVAW3LkKg53FZ7F97VDBitW4ugwnM
BTC(OS제재지갑),3PiCnZrBvGfWAKQ9hr4cCpfaDjy64yNSpE
BTC(OS제재지갑),3PyzSbFj3hbQQjTzDzyLSgvFVDjB7yw4Cj
BTC(OS제재지갑),3Q5dGfLKkWqWSwYtbMUyc8xGjN5LrRviK4
BTC(OS제재지갑),3Q8H2ZWMtc4R1M3mkmhnTjCoYKTeCFigDP
BTC(OS제재지갑),3QAdoc1rDCt8dii1GVPJXvvK6CEJLzCRZw
BTC(OS제재지갑),3QEjBiPzw6WZUL4MYMmMU6DY1Y25aVbpQu
BTC(OS제재지갑),3QJyT8nThEQakbfqgX86YjCK1Sp9hfNCUW
BTC(OS제재지갑),3QVyoH4u3qT88uChAeJVhfB3r6maZt431y
BTC(OS제재지갑),3QWUdP5taP4GrRuueVDud1eWetb7hc3wDH
BTC(OS제재지갑),3QnWE5GVfQu3wVav91RuFkqip4Ti4NWqAY
BTC(OS제재지갑),3QrukkUiBrn23rFUKUgasNd1wYWNk7WdSV
BTC(OS제재지갑),3Qw9Fn19gCnga9LfHfpM99aGzuqxBNjR2i
BTC(OS제재지갑),TUCsTq7TofTCJRRoHk6RvhMoS2mJLm5Yzq
BTC(OS제재지갑),bc1q05aktddf9ce4p7hh3stgsf253m4vweu7nkhtmw
BTC(OS제재지갑),bc1q202ajnhxgg9d9jjczmg0g4usp6haqldyy2eakl
BTC(OS제재지갑),bc1q237mvl0heyw0r38wd3xz8h5mar96rrwpams8pp
BTC(OS제재지갑),bc1q2c3vwu7wxq308lsun24rjlsh6ff0x8whx55v4q
BTC(OS제재지갑),bc1q2jys00x2rgdkm3xnewuucqacytu0a7echupu8y
BTC(OS제재지갑),bc1q2lpgjntr348pfvxhfy33ehmdzy3gmx8w4052z6
BTC(OS제재지갑),bc1q2q8uxjznmurg363dvd98xjg54mrr7z6mw9t825
BTC(OS제재지갑),bc1q2we5eqjj8je6lz9xwjattpc3pn4jejc5h0s70f
BTC(OS제재지갑),bc1q362njxy39gnwrvj7zytn84ax39fwnhvk7n2999
BTC(OS제재지갑),bc1q3ael5my37nklgnqcrkwmnndfx9qdnp67j0739c
BTC(OS제재지갑),bc1q3q2lz3cmt4u2f49ugxz5q34xrs0m2z4w2gmkp5
BTC(OS제재지갑),bc1q3tan207evu5skk2wj80ycyw242g0kdnn3hs3x0
BTC(OS제재지갑),bc1q3y5v2khlyvemcz042wl98dzflywr8ghglqws6s
BTC(OS제재지갑),bc1q45cxufu7x6s5v9adzm9t38k80gwawse75xffwe
BTC(OS제재지갑),bc1q49ax787wv0mnn8wjgp3sx772qz7eun822rkv5k
BTC(OS제재지갑),bc1q4namcagg5wljs0u20z6h2sqgsq4q5lts8rt2rr
BTC(OS제재지갑),bc1q4qjvgw475a39d8cpcyv5keq39jlmlrq870sn30
BTC(OS제재지갑),bc1q4rzdtlt0uslyw86cp29sctl6ct29g9a95cuup7pn5md9ddj7xgmqpp5m73
BTC(OS제재지갑),bc1q4sqmmyv63g6ma5cmswzap3d8k995h0str69v3t
BTC(OS제재지갑),bc1q4yzd2rjmshm8ucrwy6dzj5rna20j0zlf8hf8vz
BTC(OS제재지갑),bc1q5jqgm7nvrhaw2rh2vk0dk8e4gg5g373g0vz07r
BTC(OS제재지갑),bc1q5zd0cwzd09k9r8xfk68sn5ytqp8f5aae80yfsm
BTC(OS제재지갑),bc1q66y45cq78ke25kz7rpe94l84avt7zetglzeeqg
BTC(OS제재지갑),bc1q68uswkjvu7nj7mhrvfzkx7cm6u5s9puvpm5dc2
BTC(OS제재지갑),bc1q6qze6uj6jncgnva4eghxn3tr4pm2frh77ad3k9
BTC(OS제재지갑),bc1q6rzzf4erht8v7kgh5mfnwcrvzxchxt5glpsuls
BTC(OS제재지갑),bc1q6w463k7mhsgguwgqtcratm4vm42rncwhvvkeck
BTC(OS제재지갑),bc1q6yz2q723helcd7rz7xltw5nu77vn649zczklc3
BTC(OS제재지갑),bc1q7d46dvuv56kn4mm0jz3yep6xj74kxcpydt5te4
BTC(OS제재지갑),bc1q7des766x6c0zkycz6dz6rfv066n3fcg4kggtrt
BTC(OS제재지갑),bc1q7hhdygx05kyfyzjku2u7lywvx5pgyng6a0nefp
BTC(OS제재지갑),bc1q7qsruzjsed9sy6taqz2m5rvljsmleg2xl7dz5r
BTC(OS제재지갑),bc1q7xfqqw9htr88t7vafg80p4qrlpjfyaps452x5g
BTC(OS제재지갑),bc1q86tl9255vg5wldamfymaaz36uqxzm30gs7fhkljvzdlt9t38s3lqgdwdfq
BTC(OS제재지갑),bc1q8ew45w2agdffrnwp6adt2gqrc9n4mkev9ns29c
BTC(OS제재지갑),bc1q8p5r6wdx7leuekulnlglapy2wlwxgukpe76mys
BTC(OS제재지갑),bc1q8pw85s83mdx2f3rfu64mmfd9wexqu2y856arwp
BTC(OS제재지갑),bc1q8q7z3kt37z6jalv5ujung5lem6pzlk9r3kt66k
BTC(OS제재지갑),bc1q90zrdysy4flyacw7hsury3ajs9yzwtwp6guqpypx94w0d3p58hysvz6pde
BTC(OS제재지갑),bc1q97eg4k2juepa3smpac4pnfjsnyws696c290cxq
BTC(OS제재지갑),bc1q9kja7t2zxz0ze4lcgxf0l07pygpc69ws528lj9
BTC(OS제재지갑),bc1q9lvynkfpaw330uhqmunzdz6gmafsvapv7y3zty
BTC(OS제재지갑),bc1q9ua9ypl4dhj0zut5kzasj5c2kxclhh8v2k9djd
BTC(OS제재지갑),bc1q9ws2gcq7uumm4mk3l9xezwve7w5tmcs5js5cup
BTC(OS제재지갑),bc1qa2xr7dmz5lztplp9yfp7k382nf4ma8gwrl7zgg
BTC(OS제재지갑),bc1qa4jp7udkn2ycecz8289jfs3vpnqdwf4483d3qe
BTC(OS제재지갑),bc1qagp0gy58v8hqvw4p2wsphcxg067rrppp45hexr
BTC(OS제재지갑),bc1qakycg2zp8hydg95lc9cheumpa9yfpdeyrqqh5f
BTC(OS제재지갑),bc1qardcxz845jw83vgfvcmewhuxa0ag9gchjwmcfd
BTC(OS제재지갑),bc1qau9pmgc8l6rxpdwwap3fd6zprh5yp9mpe9jl0h
BTC(OS제재지갑),bc1qavwamr74qlzj8txy6jaxqnpym9062h090x6kz4
BTC(OS제재지갑),bc1qcjh0phl2yy3rxcztfthz9psuvk8trv2qe06p0k
BTC(OS제재지갑),bc1qcp6fr7gtyukympl6unr7uv78h3vprycwj455zx
BTC(OS제재지갑),bc1qcx8vxxrld2s7qvz64qp75s3508rkzaxj65l60q
BTC(OS제재지갑),bc1qdd2mumk4rxnygxyn5qhrq6pah6yjmnl3s9mef5
BTC(OS제재지갑),bc1qdpazd6smrkq5hmw6lupq98za2fqtgmq3azv3av
BTC(OS제재지갑),bc1qdt3gml5z5n50y5hm04u2yjdphefkm0fl2zdj68
BTC(OS제재지갑),bc1qdzgee6h4zjwvn8lyzjxgd467zxnshelqkudh7z
BTC(OS제재지갑),bc1qe8wclszdtshkjk7gph57crc72vpp9rylujgwa5
BTC(OS제재지갑),bc1qe95l438kzjcvnsm3kn8n5augf9gpctdlhsq7f7hpnkyvlr7rc7cqupapf7
BTC(OS제재지갑),bc1qe9lz50jq0a5pmtry0h3ekng3kjdg09vejg7355
BTC(OS제재지갑),bc1qea942uw640l7nvtf3vplv6jd6wvuy06c58cd4k
BTC(OS제재지갑),bc1qeaxuj8vamvnxqveleaqgmae33x904xuzj836p3
BTC(OS제재지갑),bc1qec85gd576z0phflq2jm8jxlh22tckqj3yru7xs
BTC(OS제재지갑),bc1qedvcgh32dud85yt7fu6s7qavthlh38gtwa7rhx
BTC(OS제재지갑),bc1qeth6n6ryxexvkx34wnx3nuynun4474h3j0gkhw
BTC(OS제재지갑),bc1qetqqlgvlnzdh4eshz9q6twlpdtmvy5rfkn3lza
BTC(OS제재지갑),bc1qfg4gfg0y6t6xjnpmlhuwx5k0wlw6nmfzxn2psc
BTC(OS제재지갑),bc1qfpdycqpkl5hvxg4feuk3nhde5h8t2zd89svsg9
BTC(OS제재지갑),bc1qg9h7s7hn4t9m7uw26gnwfm7xfxk77fkj878sg3
BTC(OS제재지갑),bc1qgffxa65gr579tsz55n87pal2a777ygzg69d2yz
BTC(OS제재지갑),bc1qh33xtpjqhgysq5xlmjzkm28uewj08885n95drr
BTC(OS제재지갑),bc1qh3lw22uqwrywr8lpun20q2ma528a4yqmgf3uqp
BTC(OS제재지갑),bc1qhe6zy9x6ar42zkec3lhkms5m7hh3svtc88qhf6
BTC(OS제재지갑),bc1qhsp4kffl5pmsae43st9jufagu6uy7lsa6mslla
BTC(OS제재지갑),bc1qhvzl5w99m458nm7sc6hwf5qfhxndw28sgtatk8
BTC(OS제재지갑),bc1qj2ffj6pepc80sfqpx2k2pd3q278q72dpqv2ens
BTC(OS제재지갑),bc1qj6j6p0jdefl6pvdzx3kx8245yy5mz6q4luhzes
BTC(OS제재지갑),bc1qjwr3rgww7a8ut7a4x8jqh3vswcue3xvp6dm7qe
BTC(OS제재지갑),bc1qkfqh5p2qsakseg5gnwen6zh5xf3elmku2xaup29mw3l0wnncy3es880dss
BTC(OS제재지갑),bc1ql526s72gycmvq7hek6j3tuwwmcpv4rgs0auxu7
BTC(OS제재지갑),bc1ql7dlyh8xz6tpqk92vztrhqh88dmjvcwrmsemrm
BTC(OS제재지갑),bc1ql7rnd70aejdxt3f9fzdlfazjlc9hvdmut8ad8s
BTC(OS제재지갑),bc1qlfpg2xn39u580cmwq6rymt8jdhcmj8520jhgh0
BTC(OS제재지갑),bc1qlhh94040d8nxkstf4l7720q72f2vntxxl96m4d
BTC(OS제재지갑),bc1qllmlvy5u038yvwywu803p53g8udcm8w7k4qxu9
BTC(OS제재지갑),bc1qlwtksgusw8pp3k3a39mkmwvswujhhgn0ulp3uj
BTC(OS제재지갑),bc1qmwznjzlhrj3fney3elxkwdpwa72u7eq0ge76dt
BTC(OS제재지갑),bc1qmzmx8res2fgzd2wttyvf2ajqqqtcnxxrgkqc2t
BTC(OS제재지갑),bc1qn6segn8km4nfdp9vueu6msfjsaxaqgun9h60n9
BTC(OS제재지갑),bc1qnq3pzsw3elkecrw8pqrz70r7zuse6cwyxa6dhc
BTC(OS제재지갑),bc1qnujzvts45qka3cr2eqqw8ur3q6g6s0ze2wlk5m
BTC(OS제재지갑),bc1qnykkrlk67f9kdqvzyw2ndu3xmef5z2e52886yl
BTC(OS제재지갑),bc1qpaly5nm7pfka9v92d6qvl4fc2l9xzee8a6ys3s
BTC(OS제재지갑),bc1qptrvdk8uv8shd734tyhyzatrvmlq9l0v6r0dc2
BTC(OS제재지갑),bc1qq7p0es3dv5hcynjjf40f2xjjr6qp5py47d2f6n847vduuq9gvnyq7y9ecd
BTC(OS제재지갑),bc1qqf8kcc9m57xjqcvsvuf989nnl48ve6d2s24cx3
BTC(OS제재지갑),bc1qr2tgu4almsw9ajqfwz93qw0xc8w2g72xpyzqvn
BTC(OS제재지갑),bc1qr4fd3glpnthkefcylhnxk4gp47jsd0523ue7qj
BTC(OS제재지갑),bc1qrc2gchg2fmxua5u7twu4luv5p9twmny4jjmg9x
BTC(OS제재지갑),bc1qrskwdw9unhlkt87ltcqq2d5pn9s6w2f35gz3z6
BTC(OS제재지갑),bc1qs9u6j78e3utj08mwvqkkmqm9de5xk3g4yh8qtq
BTC(OS제재지갑),bc1qsmqpalp3gtgkltag4x3ygevmhh9y2hzk73t2ug
BTC(OS제재지갑),bc1qsmv6lkrw65l30yazdqpdjjtwzpvk9f8gfh0cy7
BTC(OS제재지갑),bc1qsxf77cvwcd6jv6j8d8j3uhh4g0xqw4meswmwuc
BTC(OS제재지갑),bc1qtdupwe722vcc5e0vh94cgwfs0ep4gzwyfsf75q
BTC(OS제재지갑),bc1qte9ret332gwrk6e7vqc87d807npzvdj5savg4h
BTC(OS제재지갑),bc1qtnr3t28ltzgsuvr9j6ruqaat6fz773mm8wr02l
BTC(OS제재지갑),bc1qtrh9z4ls2s2mflyhc5y0mtxt0y30n87c97z4qp
BTC(OS제재지갑),bc1qtrrfhr0f3ufsrjxfv8a7p3yuqj0spe4cm6vaws
BTC(OS제재지갑),bc1qtsl3ufenrv3zgrgm9z8xarcx22x8mfztuartyn
BTC(OS제재지갑),bc1qtywfzxx6snut2mdrum8dyr5nnd5qhqd29wmvqt
BTC(OS제재지갑),bc1qu3e9sq8cem759umc3pywlsly3rr2qvjlxfnn9l
BTC(OS제재지갑),bc1qu4p4eynzu8vwwcv0yxq74gth00exjyech05uf0
BTC(OS제재지갑),bc1qu5vngdtcx8nc9d68pq8nv7pzcjrswsy87s66gk
BTC(OS제재지갑),bc1qu8mcqffx3jpdwnap88h85u5l5l0xq97438tz2x
BTC(OS제재지갑),bc1qup656lpfqfckhl580kwf62thmn5azmj2pal0sz
BTC(OS제재지갑),bc1quyc6j8ca84q9gjej5jjd2n8hra0vfu0j60fefs57p6e5rerkq07q0l5u3w
BTC(OS제재지갑),bc1qv4krhj2qmpd9qz9xj9nhvj99fq8s9xsw05d485
BTC(OS제재지갑),bc1qv7k70u2zynvem59u88ctdlaw7hc735d8xep9rq
BTC(OS제재지갑),bc1qvhnfknw852ephxyc5hm4q520zmvf9maphetc9z
BTC(OS제재지갑),bc1qvlzfn6kmezv44d8kw0p5jsmxe6wchv3zc7gsxs
BTC(OS제재지갑),bc1qvxlwpgcw260sc97a0u6dm0cjxv027clhd67fvx
BTC(OS제재지갑),bc1qw0pswznckx7s6tjmd2f5hrx4q6kc5nyrdxku50
BTC(OS제재지갑),bc1qw4cxpe6sxa5dg6sdwxjph959cw6yztrzl4r54s
BTC(OS제재지갑),bc1qw4fxztd5u3sl7vrcqwk2a8v5zh5dllvckx3tlt
BTC(OS제재지갑),bc1qw75cxmxz4e2v265mue9wmqgq2m0qdyr25l2ufl
BTC(OS제재지갑),bc1qw7vfgv3r5vnehafl0y95sclg3uqsj87wxs9ad628yjjcq33cwessr6ndyw
BTC(OS제재지갑),bc1qw8evftpgc8wsmkemd8yl5fg2husza5z802xaym
BTC(OS제재지갑),bc1qwa6zu6qhl6wqnlxp642vcf89nptsassle25ulf
BTC(OS제재지갑),bc1qwsqdcas3llkcx53sx4lqrcrdpxmr5s4eke6d8y
BTC(OS제재지갑),bc1qwtswqzvaxl6lyw3keqqzwt8z937psta3wg9sjy
BTC(OS제재지갑),bc1qwtz3zv95x2flu4w26kgfepf529z50r2sqc5zml
BTC(OS제재지갑),bc1qwxqxd25yk2dtw2ml04vxj9atq3huv4rdytf6vt
BTC(OS제재지갑),bc1qwyye7frjufeth0pecvaf3hz67lakt028dezv3p
BTC(OS제재지갑),bc1qwz0l2ceddckwdy5rh6zyrm3x4ha6gn5f2da5zg
BTC(OS제재지갑),bc1qx3e2axj3wsfn0ndtvlwmkghmmgm4583nqg8ngk
BTC(OS제재지갑),bc1qx9upga7f09tsetqf78wa3qrmcjar58mkwz6ng6
BTC(OS제재지갑),bc1qxp3sxw4q2rw3u9pd2k7udhp4eagc77jqcezv4q
BTC(OS제재지갑),bc1qyqvyupkpl6tm60zdecef925y220ssjuagpxsm0
BTC(OS제재지갑),bc1qyy5pt5cx3zth8xlj92lq5y87dh8xv3nwgs4ncq
BTC(OS제재지갑),bc1qzcg8y0utezp7zkp2cmqppd3x80l4gpqzew25wy
BTC(OS제재지갑),bc1qzqqdvukupr0qr5uckn2zjn40mkflnxu8fuuqdp
BTG(OS제재지갑),GPwg61XoHqQPNmAucFACuQ5H9sGCDv9TpS
DASH(OS제재지갑),XnPFsRWTaSgiVauosEwQ6dEitGYXgwznz2
DASH(OS제재지갑),Xs3vzQmNvAxRa3Xo8XzQqUb3BMgb9EogF4
DASH(OS제재지갑),XyARKoupuArYtToA2S6yMdnoquDCDaBsaT
DGB(OS제재지갑),D7pCdGvzKPEtnuYnFVWtW4pTGTjD9v2Tuo
DOGE(OS제재지갑),D5hkVKXQvJnw9nEvd36eRipxJgu1ts8ydx
DOGE(OS제재지갑),D7i5trghauwmVDT8KBqnwaYDrDU7j2xgS8
DOGE(OS제재지갑),D8jJNUtbmC9z1nfY8QRJ2GNWYFQz5btGot
DOGE(OS제재지갑),DDifCccot9tnVqh99qnQmFSXYX99jw2aD8
DOGE(OS제재지갑),DF6guxhXjjBPKMxFcy9LZQsMh8GnRRhbi2
DOGE(OS제재지갑),DKQfVwp2hm54XeUhwMbyccmgHmrP6kL7uz
DOGE(OS제재지갑),DNmxLVUn5AuzoDo2CSc7P13wcMSvZ4nsYY
ETC(OS제재지갑),0xd882cfc20f52f2599d84b8e8d58c7fb62cfe344b
ETH(OS제재지갑),0x002471b8A185f9980708d0eAEC5B289714F56f8d
ETH(OS제재지갑),0x0330070FD38Ec3bB94F58FA55D40368271E9e54A
ETH(OS제재지갑),0x04DBA1194ee10112fE6C3207C0687DEf0e78baCf
ETH(OS제재지갑),0x08723392Ed15743cc38513C4925f5e6be5c17243
ETH(OS제재지갑),0x08b2eFdcdB8822EfE5ad0Eae55517cf5DC544251
ETH(OS제재지갑),0x0931cA4D13BB4ba75D9B7132AB690265D749a5E7
ETH(OS제재지갑),0x098B716B8Aaf21512996dC57EB0615e2383E2f96
ETH(OS제재지갑),0x0Ee5067b06776A89CcC7dC8Ee369984AD7Db5e06
ETH(OS제재지갑),0x11069987e8507d0669c870b578cc9f9b4017d127
ETH(OS제재지갑),0x12de548F79a50D2bd05481C8515C1eF5183666a9
ETH(OS제재지갑),0x1967d8af5bd86a497fb3dd7899a020e47560daaf
ETH(OS제재지갑),0x1999ef52700c34de7ec2b68a28aafb37db0c5ade
ETH(OS제재지갑),0x19F8f2B0915Daa12a3f5C9CF01dF9E24D53794F7
ETH(OS제재지갑),0x19aa5fe80d33a56d56c78e82ea5e50e5d80b4dff
ETH(OS제재지갑),0x1da5821544e25c636c1417ba96ade4cf6d2f9b5a
ETH(OS제재지갑),0x21B8d56BDA776bbE68655A16895afd96F5534feD
ETH(OS제재지갑),0x2f389ce8bd8ff92de3402ffce4691d17fc4f6535
ETH(OS제재지갑),0x308ed4b7b49797e1a98d3818bff6fe5385410370
ETH(OS제재지갑),0x35fB6f6DB4fb05e6A4cE86f2C93691425626d4b1
ETH(OS제재지갑),0x39D908dac893CBCB53Cc86e0ECc369aA4DeF1A29
ETH(OS제재지갑),0x3AD9dB589d201A710Ed237c829c7860Ba86510Fc
ETH(OS제재지갑),0x3Cffd56B47B7b41c56258D9C7731ABaDc360E073
ETH(OS제재지갑),0x3cbded43efdaf0fc77b9c55f6fc9988fcc9b757d
ETH(OS제재지갑),0x3e37627dEAA754090fBFbb8bd226c1CE66D255e9
ETH(OS제재지갑),0x43fa21d92141BA9db43052492E0DeEE5aa5f0A93
ETH(OS제재지갑),0x48549a34ae37b12f6a30566245176994e17c6b4a
ETH(OS제재지갑),0x4f47bc496083c727c5fbe3ce9cdf2b0f6496270c
ETH(OS제재지갑),0x502371699497d08D5339c870851898D6D72521Dd
ETH(OS제재지갑),0x530a64c0ce595026a4a556b703644228179e2d57
ETH(OS제재지갑),0x532b77b33a040587e9fd1800088225f99b8b0e8a
ETH(OS제재지갑),0x53b6936513e738f44FB50d2b9476730C0Ab3Bfc1
ETH(OS제재지갑),0x5512d943ed1f7c8a43f3435c85f7ab68b30121b0
ETH(OS제재지갑),0x57EC89A0C056163A0314e413320f9B3ABe761259
ETH(OS제재지갑),0x5A14E72060c11313E38738009254a90968F58f51
ETH(OS제재지갑),0x5a7a51bfb49f190e5a6060a5bc6052ac14a3b59f
ETH(OS제재지갑),0x5d5b5dafecbf31bdb08bfd3edad4f2694372d0ef
ETH(OS제재지갑),0x5f48c2a71b2cc96e3f0ccae4e39318ff0dc375b2
ETH(OS제재지갑),0x67d40EE1A85bf4a4Bb7Ffae16De985e8427B6b45
ETH(OS제재지갑),0x6be0ae71e6c41f2f9d0d1a3b8d0f75e6f6a0b46e
ETH(OS제재지갑),0x6f1ca141a28907f78ebaa64fb83a9088b02a8352
ETH(OS제재지갑),0x72a5843cc08275C8171E582972Aa4fDa8C397B2A
ETH(OS제재지갑),0x747AFB5c7A7fc34B547cD0FDEbf9b91759C5a52b
ETH(OS제재지갑),0x76EA76CA4Eb727f18956aB93445a94c5280412B9
ETH(OS제재지갑),0x797d7ae72ebddcdea2a346c1834e04d1f8df102b
ETH(OS제재지갑),0x7CEd75026204aC29C34bEA98905D4C949F27361e
ETH(OS제재지갑),0x7Db418b5D567A4e0E8c59Ad71BE1FcE48f3E6107
ETH(OS제재지갑),0x7F19720A857F834887FC9A7bC0a0fBe7Fc7f8102
ETH(OS제재지갑),0x7F367cC41522cE07553e823bf3be79A889DEbe1B
ETH(OS제재지갑),0x7FF9cFad3877F21d41Da833E2F775dB0569eE3D9
ETH(OS제재지갑),0x83E5bC4Ffa856BB84Bb88581f5Dd62A433A25e0D
ETH(OS제재지갑),0x8576acc5c05d6ce88f4e49bf65bdf0c62f91353c
ETH(OS제재지갑),0x8Dce2aAC0dE82bdCAf6b4373B79f94331b8e4995
ETH(OS제재지갑),0x901bb9583b24d97e995513c6778dc6888ab6870e
ETH(OS제재지갑),0x931546D9e66836AbF687d2bc64B30407bAc8C568
ETH(OS제재지갑),0x95584C303FCd48AF5c6B9873015f2AD0ca84EaE3
ETH(OS제재지갑),0x961c5be54a2ffc17cf4cb021d863c42dacd47fc1
ETH(OS제재지갑),0x97b1043abd9e6fc31681635166d430a458d14f9c
ETH(OS제재지갑),0x983a81ca6FB1e441266D2FbcB7D8E530AC2E05A2
ETH(OS제재지갑),0x99d29380a2e37c04e4fe75111b7d410674a6cab3
ETH(OS제재지갑),0x9Be599d7867f5E1a2D7Ec6dB9710dF2b98A15573
ETH(OS제재지갑),0x9c2bc757b66f24d60f016b6237f8cdd414a879fa
ETH(OS제재지갑),0x9f4cda013e354b8fc285bf4b9a60460cee7f7ea9
ETH(OS제재지갑),0xD8500C631dC32FA18645B7436344a99E4825e10e
ETH(OS제재지갑),0xE950DC316b836e4EeFb8308bf32Bf7C72a1358FF
ETH(OS제재지갑),0xEFE301d259F525cA1ba74A7977b80D5b060B3ccA
ETH(OS제재지갑),0xF7B31119c2682c88d88D455dBb9d5932c65Cf1bE
ETH(OS제재지갑),0xFb3eFf152ea55D1BfA04Dbdd509A80fD7b72cdEB
ETH(OS제재지갑),0xFda1Ec4A6178d4916b001a065422D31EBE5F62FF
ETH(OS제재지갑),0xa0e1c89Ef1a489c9C7dE96311eD5Ce5D32c20E4B
ETH(OS제재지갑),0xa7e5d5a720f06526557c513402f2e6b5fa20b008
ETH(OS제재지갑),0xb338962B92CD818D6aef0A32a9ECD01212a71f33
ETH(OS제재지갑),0xb637f84b66876ebf609c2a4208905f9ddac9d075
ETH(OS제재지갑),0xb6f5ec1a0a9cd1526536d3f0426c429529471f40
ETH(OS제재지갑),0xc103b7dc095c904b92081eef0c1640081ec01c10
ETH(OS제재지갑),0xc2a3829F459B3Edd87791c74cD45402BA0a20Be3
ETH(OS제재지갑),0xc455f7fd3e0e12afd51fba5c106909934d8a0e4a
ETH(OS제재지갑),0xcB74874f1e06Fcf80A306e06e5379A44B488bA2D
ETH(OS제재지갑),0xd04E33461FEA8302c5E1e13895b60cEe8AEfda7F
ETH(OS제재지갑),0xd0975b32cea532eadddfc9c60481976e39db3472
ETH(OS제재지갑),0xd5ED34b52AC4ab84d8FA8A231a3218bbF01Ed510
ETH(OS제재지갑),0xd882cfc20f52f2599d84b8e8d58c7fb62cfe344b
ETH(OS제재지갑),0xdb2720ebad55399117ddb4c4a4afd9a4ccada8fe
ETH(OS제재지갑),0xdcbEfFBECcE100cCE9E4b153C4e15cB885643193
ETH(OS제재지갑),0xddd42d46a17b9a5b0c53c5ef2b79a6acb1b50333
ETH(OS제재지갑),0xe090669ee62e02f4437b89058a073dc7874aed8f
ETH(OS제재지갑),0xe1d865c3d669dcc8c57c8d023140cb204e672ee4
ETH(OS제재지갑),0xe1e4c5e5ed8f03ae61b581e2def126025f2b9401
ETH(OS제재지갑),0xe3d35f68383732649669aa990832e017340dbca5
ETH(OS제재지갑),0xe7aa314c77f4233c18c6cc84384a9247c0cf367b
ETH(OS제재지갑),0xebfe7a29ea17acb5f6f437e659bd2d472deedc54
ETH(OS제재지갑),0xed6e0a7e4ac94d976eebfb82ccf777a3c6bad921
ETH(OS제재지갑),0xf3701f445b6bdafedbca97d1e477357839e4120d
ETH(OS제재지갑),0xf4377edA661e04B6DDA78969796Ed31658D602D4
IOST(OS제재지갑),binanceiost (Address tag 100343788) *
KMD(OS제재지갑),RPW95tQG7y47QTqS6cNA4EQ5mBmATrG91o
LSK(OS제재지갑),12154055877559948854L
LSK(OS제재지갑),1481074704939202117L
LSK(OS제재지갑),3177043342364495742L
LTC(OS제재지갑),LLuDSfYfCXL24rhCGMLgguHWLvQHzHPm78
LTC(OS제재지갑),LNf2JDiuunBz7GMDKFYHN4rq5meXWxiwfb
LTC(OS제재지갑),LNwgtMxcKUQ51dw7bQL1yPQjBVZh6QEqsd
LTC(OS제재지갑),LQAhYwwK5AR1JQiQPr7vu8Pu4b6qcxxvNB
LTC(OS제재지갑),LQsYaykwDfsKXKkVnQUNhyoVQuhiDEQrZT
LTC(OS제재지갑),LWnbjLYUfqeokfbWM4FcU7uk2FP2DSxuWS
LTC(OS제재지갑),LaYUy1DGfVSuSF5KbPhbLrm8kRotqiwUJn
LTC(OS제재지갑),LaizKtS5DUhPuP1nTQcc83MS7HwK6vk85z
LTC(OS제재지갑),LcCBQ7fKwTrNf3nM522dcDXWsktbx95fTv
LTC(OS제재지갑),LdEaGBJzGRyZBEo8vqRAeKLwRAK4hXwWP5
LTC(OS제재지갑),LeKvNdNEzgQkzVVnRdV3fAu2DSF1nLsNw6
LTC(OS제재지갑),Leo3j36nn1JcsUQruytQhFUdCdCH5YHMR3
LTC(OS제재지갑),LgwmgYnraU2uBWHVFUDgAmFCPYj5Yw8C9L
LTC(OS제재지갑),M8yFL6SFC6TreATegTyuSYkDfDRbisdpT3
SC(OS제재지갑),27f405bf5c5caf0db56316b76dfc3067846cffcf8f2ffda5d5f754114ec1db35b3f6310fb25b
SC(OS제재지갑),3c61d17a6a55c7434afa3cb43e4dcef2819f38cff2484a6c1e2fffaf089548e2db3328145343
SC(OS제재지갑),66413449033389c6d27e9515284a9d8fd0eacf6e2c69e916b7f5451deeb4723a68c2b78e4974
SOL(OS제재지갑),42RLPACwZPx3vYYmxSueqsogfynBDqXK298EDsNoyoHi
STRAT(OS제재지갑),SNwdHP6Qpkk6exSAqMG4GdTRkQRAu28SSS
TRX(OS제재지갑),TA1hsikRfsgGiW9nEBpT4tEXEySTNYLr2d
TRX(OS제재지갑),TASWbk6X1wiTku5TMmMQYqYFvshVEtfJy8
TRX(OS제재지갑),TAYhjpL8pPs8T84FSM329nffQpc6jD8GBM
TRX(OS제재지갑),TAoLw5yD5XUoHWeBZRSZ1ExK9HMv2CiPvP
TRX(OS제재지갑),TBHTJqAy4DhHhmT3dNceJYNRz4SdLofLre
TRX(OS제재지갑),TBcLqqqyZjNj1ptuXFgj5H768NhNU5nDyn
TRX(OS제재지갑),TC71Nb9mtcv4vPezL8KEKvUs3aKoYwiJZa
TRX(OS제재지갑),TC8axQvzJEVR3NKN6mZnJtGy7537GEmh38
TRX(OS제재지갑),TCA9vmjsYw9MtPKEwRBtGhKFRfr4CLxJAv
TRX(OS제재지갑),TCFD8N3vM5b4Gr5f1kkajQsodRVNyyAq1d
TRX(OS제재지갑),TCu5onCzXuqxjvVzdB2tR4FLuF66d4yRqf
TRX(OS제재지갑),TCzq6m2zxnQkrZrf8cqYcK6bbXQYAfWYKC
TRX(OS제재지갑),TDFtJtyLPgN3oWUoHh23oJox3T5V5nR11K
TRX(OS제재지갑),TDe2UNAvuUnTbbDo7518eMe3TXN5qJW8Ft
TRX(OS제재지갑),TEEYCuGDyeNkuDj4u6GQRXxXo3Nh29r2vP
TRX(OS제재지갑),TEcuHDQthTmULe8fFLUccBPpjfXaTmJuuD
TRX(OS제재지갑),TFdTr9C3BqQrzKBXqSxJfAZFTh8UwBAfSg
TRX(OS제재지갑),TFwjPScaJRCbSWVAywE1S1WgaUgSnyYUbD
TRX(OS제재지갑),TGXE9dGWawjfd3xqFSho1h1bRbRv9wUGrF
TRX(OS제재지갑),TGckaiamj5NzaYx6Qp6Zu7kahuHArzUo99
TRX(OS제재지갑),TGsNFrgWfbGN2gX25Wcf8oTejtxtQkvmEx
TRX(OS제재지갑),THuvw2pY2GSBmDewHKzahQum2yUWHJeJKh
TRX(OS제재지갑),TJkBr9TZ1xBeJoF7RNWqyEMbYqVJ6fXXHR
TRX(OS제재지갑),TK17wfSPp32RWrnzZPrGpv7TxdNFvvvE2s
TRX(OS제재지갑),TL1k1U6SHohxBqb68kCodxHc9y2LXoDSep
TRX(OS제재지갑),TLvuvpfBKdxddxSsJefeiGCe9eVY8HUroE
TRX(OS제재지갑),TMKe9i1J46K3YDx5NjtyRTg1VDjbBhyfyJ
TRX(OS제재지갑),TMStbg5fgb4uTV7fK1gEYF9hKAzP3siPsG
TRX(OS제재지갑),TMuCgBejD5RsNANZdjGtaM3YyKGNgDoy7N
TRX(OS제재지갑),TNDjh6WGLYyWmkh8vfu42bXVHUqFNQ3rDq
TRX(OS제재지갑),TNTFhgFoKH4srBMiWbfrVFqP2AThSmdwf1
TRX(OS제재지갑),TNZxGWCwvsHr6JxQxzoeDXV597Yf7Zb7nV
TRX(OS제재지갑),TNiq9AXBp9EjUqhDhrwrfvAA8U3GUQZH81
TRX(OS제재지갑),TNmRfnSUXZoWWzxcDDbf95eGQYXt1mJDt8
TRX(OS제재지갑),TNrX2FwrHKoo4XACGkmSzqeK4pdnKYn6Z7
TRX(OS제재지갑),TNuA5CQ6LB4jTHoNrjEeQZJmcmhQuHMbQ7
TRX(OS제재지갑),TPDLpXxPcaSsupEZ3yrVksmNkYP5SLeKxu
TRX(OS제재지갑),TPJ1JNX98MJpHueBJeF5SVSg85z8mYg1P1
TRX(OS제재지갑),TQ5H49Wz3K57zNHmuXVp6uLzFwitxviABs
TRX(OS제재지갑),TRBACioxdrdsYEZHvJWiUDZcMdBPpEe5Ub
TRX(OS제재지갑),TRakpsE1mZjCUMNPyozR4BW2ZtJsF7ZWFN
TRX(OS제재지갑),TSxAAo67VTDgKT537EVXxdogkJtk9c6ojz
TRX(OS제재지갑),TTKnV2S1295UrPr7N67Tp9ykNL7xX2Z4Uj
TRX(OS제재지갑),TTS9o5KkpGgH8cK9LofLmMAPYb5zfQvSNa
TRX(OS제재지갑),TTUDyVhhpCC1xJoPmWzdjLAzeoPwbSABdr
TRX(OS제재지갑),TTiDLWE6fZK8okMJv6ijg42yrH6W2pjSr9
TRX(OS제재지갑),TU4tDFRvcKhAZ1jdihojmBWZqvJhQCnJ4F
TRX(OS제재지갑),TVNyvx2astt2AB1Us67ENjfMZeEXZeiuu6
TRX(OS제재지갑),TVbaPNrc2UbGrGBKwjRjjn6UENoTBnkB2d
TRX(OS제재지갑),TXhf9nU9bjo1j9z5qEesHdr6gtdndfnA4T
TRX(OS제재지갑),TYDUutYN4YLKUPeT7TG27Yyqw6kNVLq9QZ
TRX(OS제재지갑),TYeQD2VddTZ9NkFkAnT9DD8cUGetGUQZB2
TRX(OS제재지갑),TZB4NrX7k9ZsV6PRc1GigAztLL8WHpLvwP
UNKNOWN(OS제재지갑),0x175d44451403edf28469df03a9280c1197adb92c
UNKNOWN(OS제재지갑),0x21B8d56BDA776bbE68655A16895afd96F5534feD
UNKNOWN(OS제재지갑),0x53b9B72DC6f96Eb4B54143B211B22e2548e4cf5c
UNKNOWN(OS제재지갑),0x7eab248c014d1043e54e96ac4f31ec7d9a97ffd3
UNKNOWN(OS제재지갑),0xC3b194e0a4Bfff0e986594d7768F58746E52Eb53
UNKNOWN(OS제재지갑),0xE3740C1B2FcDA407027E2c80906306604E5260e7
UNKNOWN(OS제재지갑),0xc8fe1c81e927540fcc99ebb3c880a840082293da
UNKNOWN(OS제재지갑),121Yb34i3Moxbniuz9c9ExJWmmYMuepjRr
UNKNOWN(OS제재지갑),15bxPrALuby5rap8RM3dAPKyC9NASKjoAk
UNKNOWN(OS제재지갑),19DEeqdazoinvPEtiLWsuTpL8uNMvV3Tzi
UNKNOWN(OS제재지갑),1Ain9kRJsHhEP3A4YkBWz19jipbhdYUfft
UNKNOWN(OS제재지갑),1G97YMibTtcCJ8WFhvHXMA2GnAp9AgmpMR
UNKNOWN(OS제재지갑),1KNcWyLdhHMuUAjVZHNudGBx9mukmFNzms
UNKNOWN(OS제재지갑),1KkswjrPxbtvUL5odgHDyXcxWz1UoKmCu1
UNKNOWN(OS제재지갑),1NbJdyh2s4VuxC4wB43gnyoHU7BSgm73aX
UNKNOWN(OS제재지갑),TA9XWZ7RLGwfKcTWFXs3cBHRuR388YNugT
UNKNOWN(OS제재지갑),TA9f6oyvsh2VzEB19hYk2Az4hZpHQjT18b
UNKNOWN(OS제재지갑),TAHEHY7wQncEfQc9gJq5RWX8RfCrvuNbTC
UNKNOWN(OS제재지갑),TAKocCCqqAULG3C7N1vz5gDZou24t8xAzN
UNKNOWN(OS제재지갑),TALdAcSzoXR1Vqzc29Vk9MrkoTCqCXFvQM
UNKNOWN(OS제재지갑),TAMJPjL5kY4BQGjfA4X3FuzHaEb6FvmHP1
UNKNOWN(OS제재지갑),TAR2KrCfTST5BQXs7D7N4HYHx6FBt4bzLh
UNKNOWN(OS제재지갑),TAiDDDrzwXJNcKBXGPRdzF96o8pb7T7MmT
UNKNOWN(OS제재지갑),TAkbWdDenMBC6ZAxSEEPAdTMinNejLBGeR
UNKNOWN(OS제재지갑),TAqTwpsnSMirTXVCwH3zx6S3afDewsgzfp
UNKNOWN(OS제재지갑),TB1ZRUnSYzTQJRCUDFH4T3NEW2dyen2JPA
UNKNOWN(OS제재지갑),TBHRyrdg23gZyMh8VPPt9hU7NDEVZRvEe2
UNKNOWN(OS제재지갑),TBfJfBYSpVPLDoFzvg3zCnc4Kvpb48cME5
UNKNOWN(OS제재지갑),TBjD6KyudEstysMxB83ctiqMjAqgdKqKYM
UNKNOWN(OS제재지갑),TBmG7JZScZWmL5tADBb41RUU5ffWxU9rkT
UNKNOWN(OS제재지갑),TBobna3TCi8KhmND5srYRNcQcjwmdsLszn
UNKNOWN(OS제재지갑),TBvqEcqETVoPXXvyMDYC9oLnke8HgC4Tse
UNKNOWN(OS제재지갑),TBvub4tefF7pNr3UazUCvFMJbpVhcfAAc2
UNKNOWN(OS제재지갑),TBzrXbp6FcYpvUGUDw9GEoHs59siCnE6sp
UNKNOWN(OS제재지갑),TC79XFhLcFFP5AojzJEheFySZkyT4DLpQr
UNKNOWN(OS제재지갑),TC7VZ9F3v34byjjdLN9t9c3juzfBisPE4u
UNKNOWN(OS제재지갑),TCAVvaJxeFhBSJZHcc3mEBLMuxvrqt4Uja
UNKNOWN(OS제재지갑),TCC6uZUbP8L3vNJg68Zpf4JU87qqa9xipP
UNKNOWN(OS제재지갑),TCG5LT8GZu9xedHbfwo2Mea2nJJbi5QGTv
UNKNOWN(OS제재지갑),TCNnWUTsonN9UD568mNEcBJm6vmniuXJnN
UNKNOWN(OS제재지갑),TCWMveoWyAwkCthHC43nfgbtmAfPGXYhQD
UNKNOWN(OS제재지갑),TCkrXikaXzDgXHTzh9nk24EYxZsbQJK6o9
UNKNOWN(OS제재지갑),TCvMMsShKX8vHUxx1GbZ7jf8TRbXDmVfMG
UNKNOWN(OS제재지갑),TCxUxp3fve52ZYTTG48Y6ecskKsZAMw2Nd
UNKNOWN(OS제재지갑),TCxdGVE9fKdjkPmqtoULqBzmzsK8rPpF9U
UNKNOWN(OS제재지갑),TCydk24r1DAVkdvDzYhUQruT3aa9cFrGrV
UNKNOWN(OS제재지갑),TD3AagFMUJsAzQrn1mf45Ks3YK1fM1M5Nk
UNKNOWN(OS제재지갑),TD7j5eNShnrSsGb3of8vpe1XXfUNrheeFh
UNKNOWN(OS제재지갑),TDAegnxRRBVuRFJ1tkpmignshcu12nfoQF
UNKNOWN(OS제재지갑),TDSRXbcKaTNvSiqYUaP8m5cVUtU7rSbfy7
UNKNOWN(OS제재지갑),TDUTSmtJkPReweXCv4zjLfZE5ygPZPA9vN
UNKNOWN(OS제재지갑),TDX3tFFdWFwhBP7Cf5gJRpADpUNxQsys6m
UNKNOWN(OS제재지갑),TDhjPZsnFuvFa5th7xmEaChoof2HV4Gd99
UNKNOWN(OS제재지갑),TDnytyeHuRrpQ2wbpDot8io92bHs78XrMv
UNKNOWN(OS제재지갑),TDwxqs6Nn62mic4UPRaKzW6JUKM5wDW3WY
UNKNOWN(OS제재지갑),TE62WpuYZqfpcTjS3yTjCkJmPQvvpVYtfQ
UNKNOWN(OS제재지갑),TEJHvTzJ3JqFYxvoq8LCeHFob4ELEjB9YX
UNKNOWN(OS제재지갑),TETZBHSy22wSaufVE1GhNBiDdTYGBJ6aZk
UNKNOWN(OS제재지갑),TEUk9cTheXr1CoVgcVqc5j8ifAzmHkxJai
UNKNOWN(OS제재지갑),TEUxFqcaFNfbQ7DfLiBPa8sBc14LdySAic
UNKNOWN(OS제재지갑),TEX2r8REzxQ9UvXCbzx2wkHfE6Vu7nDwte
UNKNOWN(OS제재지갑),TEYJaG5RcYQv2NAAob4cRLYG7gDmb3p3Au
UNKNOWN(OS제재지갑),TEmYgJsS6D6ZygdAAdp4jFmfXTTQrzCvEY
UNKNOWN(OS제재지갑),TEqaZXk95Lubsc1WTksbdXK6bJr3jWabgr
UNKNOWN(OS제재지갑),TEtJTCuFEzY6jjVNzFtbWGMfrHzfE2aGKU
UNKNOWN(OS제재지갑),TFBmQceiPDgV6xPu9YYYYUDhWybr4VGSbf
UNKNOWN(OS제재지갑),TFQZpueb99fwRtKTa9NwRCjLyqiCP3MGHM
UNKNOWN(OS제재지갑),TFR1tsGZhkiMYQv1t8uMWPgXFGBEajHCGd
UNKNOWN(OS제재지갑),TFS7HvL8Y7zWoSR6FroD9SGiKCpWTZLLLX
UNKNOWN(OS제재지갑),TFWTGjvwu1eziL9W4oSu7Jd6rxk4av7UNm
UNKNOWN(OS제재지갑),TFXGYjZhsTLXz6ncMxkVQfwdpJG5LoHcvZ
UNKNOWN(OS제재지갑),TFjXKz7qmPgr5F4tC6WuamLeMzDhX4yC55
UNKNOWN(OS제재지갑),TFp7dB2DffiBzfoVTynjVFqShBS7Z7wX3r
UNKNOWN(OS제재지갑),TG1xjFTUFYeDHQxvKoCUo7fZ9t6nxd1iys
UNKNOWN(OS제재지갑),TG3uaqqDc1KRpSsKgsj9C7bNS66WvySbVj
UNKNOWN(OS제재지갑),TGAK3vZPVK5jp1wrmUu6KpaV74VKezMVxV
UNKNOWN(OS제재지갑),TGBYT9Kfs7Za2yWf2TCka5kZq942tKPUAq
UNKNOWN(OS제재지갑),TGHP4NnEfAtn7aKUshq6ERZNisW5muUVHm
UNKNOWN(OS제재지갑),TGMRPZ5ncwSVYQ7GqUoejN1GMe19F8dsgY
UNKNOWN(OS제재지갑),TGN9S92YLBCiCCH5XuKpdDTHwACZL3e1jr
UNKNOWN(OS제재지갑),TGRdYen9qbfZGRDtvpGF7XGCYYWfpCPrQj
UNKNOWN(OS제재지갑),TGS7VL1sHwGnufrQA42GhqHntwcyfNfdt3
UNKNOWN(OS제재지갑),TGSv6fGeiZbWA1jBdsgkGLumtqp4wFXxzq
UNKNOWN(OS제재지갑),TGbvpVjCXgnndy5AHk2C88FXYZ3TkM4qpB
UNKNOWN(OS제재지갑),TGfH7imvH9h6yxusNNPkkwrDzKCg7kFDTf
UNKNOWN(OS제재지갑),TGhZ3tPL68rWdqfFivhksoRgEp6uwvG1N7
UNKNOWN(OS제재지갑),TGkBb7VadtbioP3XNAFJaL5SKqyx2Ws8Ua
UNKNOWN(OS제재지갑),TGmw6hyZ7fw4ySZji5QmjKVJWXFP8Kmddw
UNKNOWN(OS제재지갑),TGpQhSUmZtABALaGH3fJMAob2rmZC9GWHT
UNKNOWN(OS제재지갑),TH6wGjJZyiuHBhwv8rehAaDSER78DjPVQ8
UNKNOWN(OS제재지갑),TH8d32LzX7oJ5Fj8egzPKToMQ6VtjoodDd
UNKNOWN(OS제재지갑),THB6eY4f85GUab3hdXHhNb53AX1vRzJ83s
UNKNOWN(OS제재지갑),THBPKbkuVSxNG7cq8bAvicrTm2YpMMZVKQ
UNKNOWN(OS제재지갑),THL7VtZrHia3fm4UqycAUC8JwodjSqBVxx
UNKNOWN(OS제재지갑),THNdB4SiwNGibexaigr4YYTZzFRXZGAAox
UNKNOWN(OS제재지갑),THPopY1MtT3Hsd7YRN8JHNpZDWUAqDQBYm
UNKNOWN(OS제재지갑),THZCWkEbURJcbDLDu6cdDCVma3cihGoHEo
UNKNOWN(OS제재지갑),THaUuZZ6PMHnLong9GTnpNFi6BGo5BaAmt
UNKNOWN(OS제재지갑),THfQd6TxV6s3cdw9sWa2aDvgSYkBio5aEf
UNKNOWN(OS제재지갑),THs7n6AhwHsPXbuCkQSMjG9Q965wfQBgbS
UNKNOWN(OS제재지갑),THsPCpqBmmi8CzMWvQ1Zw7cMZaJ77hnmVW
UNKNOWN(OS제재지갑),TJAcz547H7FTGCQrgkbtHib5h8f5gR2kuc
UNKNOWN(OS제재지갑),TJFA3AqnkgM55rvRCpZgy7fb4MX7UjyHrh
UNKNOWN(OS제재지갑),TJSUmTC6Jfyim9wSmrUPNPxJxnJXsGpvCU
UNKNOWN(OS제재지갑),TJZnMKRAXWqhewxDUGvsfaoe8exUjHPwA6
UNKNOWN(OS제재지갑),TJdX83eW28zoiFgD3AH5WHN4k8XKBzY6JP
UNKNOWN(OS제재지갑),TJnYxvBHyoZT9GsGGaHzeQxvrGz743k1gq
UNKNOWN(OS제재지갑),TJqPocniAs5fyauqLgmRJXdKdfgFGjMTRA
UNKNOWN(OS제재지갑),TJqh7J9MnPMSG6cotxBYUsNdQ6eufk8W32
UNKNOWN(OS제재지갑),TJyHmwD7DKSeaJgE5xKZmmt87cyvsbSAk9
UNKNOWN(OS제재지갑),TK4c76dEE6whmEw3yu57YmkMPGD8qacagX
UNKNOWN(OS제재지갑),TK8qQuPSCeQx6AKuqHLX4xycSVFNXGVWQy
UNKNOWN(OS제재지갑),TKBmWXPYm4WPedvcBMEqNVEt7EbK3qWeXB
UNKNOWN(OS제재지갑),TKPBLikDNdKDVgo7HQPKvGUBAbDXAYhrVX
UNKNOWN(OS제재지갑),TKRx97Segu8hRqHTCLj9xNEwMRo9ANt1fA
UNKNOWN(OS제재지갑),TKSter7ADnpMtoXD7TFe8zXxEEsMv7aEPe
UNKNOWN(OS제재지갑),TKb6pfHUJJpH3XwdgdmDoKoLHvzUP5XPyx
UNKNOWN(OS제재지갑),TKcPMYyy2BkVCUEoLgh22KnhzYPuYJt7hv
UNKNOWN(OS제재지갑),TKf6y2phzjMaZ9yCJevxd656v9BwQh5Ux6
UNKNOWN(OS제재지갑),TKiBsUqd5ixPTqVWVp5BdDCHvoR7nwfMn3
UNKNOWN(OS제재지갑),TKvc5iw7hMS2TLXbbX2wTyHaGPw96gQqWG
UNKNOWN(OS제재지갑),TL7jWVm3vhUmnE29tcg6DyDkP1CWPHeBFj
UNKNOWN(OS제재지갑),TLRUmf6FFjjzZ4UMxTSddzCVoMm816fSgF
UNKNOWN(OS제재지갑),TLRfxpGjHqdzjd56VidgWo6oFRkSwQk1m9
UNKNOWN(OS제재지갑),TLaQu2hjtQx8BZrqBaSoRfwk2m9uV5uKda
UNKNOWN(OS제재지갑),TLe7MPmLAHw43sdApT7U4LGE8M98vcDaJM
UNKNOWN(OS제재지갑),TLiskxkeSyr3z45SzCK6JH8astFHqwRd5c
UNKNOWN(OS제재지갑),TLj8S8tWyuerPMkVx4KiAuzbDJhV9W99Ur
UNKNOWN(OS제재지갑),TLjzbmnkxiUFdp5caQfATdD6JBoXpHTqJx
UNKNOWN(OS제재지갑),TLmB5EYj3Uy1TBgipSSkNiTkp5HVe7qveS
UNKNOWN(OS제재지갑),TLrersfFyLEVGKPvo14YWzfg6Ezp7ZrhuR
UNKNOWN(OS제재지갑),TLtkC5Pgctg2KMcfg2LBok3Mi2dprVc8WT
UNKNOWN(OS제재지갑),TM1ao7KDV7FmDwoj342APGJJA5mM51vrp6
UNKNOWN(OS제재지갑),TM2oFJftWCbu2urgqjKsJN8vxNEc1Jez6g
UNKNOWN(OS제재지갑),TM45NsDQ1YUMMHosa2uK5FZbxxggNzxSys
UNKNOWN(OS제재지갑),TM8PjCzv71EakELjVHoqsZY2aRHoPU8nr5
UNKNOWN(OS제재지갑),TMJRvUAwpdw67vNuQFH15q34zK3myPgFRy
UNKNOWN(OS제재지갑),TMULwEdBRAd6f59NVom9gFH8EL3WRVfzpM
UNKNOWN(OS제재지갑),TMWkK1qx5KR6cJ1jjSqQsNUik3bfPDmhpf
UNKNOWN(OS제재지갑),TMYPgVHM61QdY73ttgEKstbSR3vqoXEcZ9
UNKNOWN(OS제재지갑),TMdbTohWtuRoqEtGExSQq5uRNjLV9ijxFH
UNKNOWN(OS제재지갑),TMiQRf2YQFkTPGEHrZmNTjYbWkbpF3cMC6
UNKNOWN(OS제재지갑),TMk7amDXHxL8jTN8LDJEeK1uZt4dzG7d4g
UNKNOWN(OS제재지갑),TMmEYcSL4KhzJuYpRH16aLsG16YoFyYKUq
UNKNOWN(OS제재지갑),TMq5PxBog18RbrenbSPJaKFpu9pVcFrbfZ
UNKNOWN(OS제재지갑),TMznnujRXPoKUL5RU2bkhT2qo7Qrfx2gc2
UNKNOWN(OS제재지갑),TN3Wc7f3qFLPSgCrpeDvUxuJka3pQDF6F7
UNKNOWN(OS제재지갑),TN5fXzNhGW3vCUijECnXgiXhChqLJA4Da4
UNKNOWN(OS제재지갑),TNAGa4B4YRAS58fH8eaAsX4qRxtSmFArTz
UNKNOWN(OS제재지갑),TNC3WkhaP2tVsQLQQXNBQerbGg5vUoqKNe
UNKNOWN(OS제재지갑),TNEKEuzfg9BiaQtQKBGSJoH9CVvJphzoLP
UNKNOWN(OS제재지갑),TNT8WTuCoPwuYzScrHwbv5Wzw9XBwu9u3q
UNKNOWN(OS제재지갑),TNuSHwQnCFGP3DGS4LykeHn821ystJMCTK
UNKNOWN(OS제재지갑),TPAcMFqkaVufH3wNso1Jdvm8HzUnK46PWM
UNKNOWN(OS제재지갑),TPCQLRv6Bepnd5oPhXtrs1iHpSLchuHAso
UNKNOWN(OS제재지갑),TPGPpBcVrKZgqjEhqDiLRmDNxHbsEvpqLi
UNKNOWN(OS제재지갑),TPV2rmU42Q7vgteRNnc9rKkmXT5cEgGTST
UNKNOWN(OS제재지갑),TPpRxpTw3Mn71rHzStQfjHB369zxHYqQiz
UNKNOWN(OS제재지갑),TPpX5uZ4wqLhBxEaUiaAjR9c1GscLTY5zJ
UNKNOWN(OS제재지갑),TPxCncCWLUtRm2ga6NMrPKfumKuQ3zoWXR
UNKNOWN(OS제재지갑),TQ4HeWsnzXexz2UKY3Ef94xg3rnWkawirR
UNKNOWN(OS제재지갑),TQLoZxoAu2arL3jCyz5ToZf4gqkmvXxtTy
UNKNOWN(OS제재지갑),TQimtt6MmASiLDEsKsfDDaDq5CFRE2BY1F
UNKNOWN(OS제재지갑),TQn9oh6Mw6jLfgzh23AVHsCcfC9ZE41fne
UNKNOWN(OS제재지갑),TQnhh63amB9HMXj5DeueUVdCHxCReoF6nM
UNKNOWN(OS제재지갑),TR2iVPD66Bm35X1JpEg5Uc8TAvw38iznVF
UNKNOWN(OS제재지갑),TR2nTb64cQMx6tqFwisoC6o7barFWHhPiw
UNKNOWN(OS제재지갑),TR3W6S94NLJ5yAs8c4ZZXTUsJeUmsZtS4A
UNKNOWN(OS제재지갑),TRAY8vmzneVCPfg7kDG7VQoJdBifNDARCX
UNKNOWN(OS제재지갑),TRAvfmzQNsBAeGaDP9gr5qecGMDqWMo5zn
UNKNOWN(OS제재지갑),TRDaXKafW3kSYJ4KMHamvSL1Xautb97X4A
UNKNOWN(OS제재지갑),TRT7xntdpivdYAiZuxosieGWhHaWkptbaD
UNKNOWN(OS제재지갑),TRTXHP7x4KQxnpV6hbWs6Mk5wS13FRoH1h
UNKNOWN(OS제재지갑),TRWpS2JarmZShhQLTfHafnzkQdNKUh1ozK
UNKNOWN(OS제재지갑),TReSAwt6Epi8MhvkTQJbamrJuvEeZnxTdp
UNKNOWN(OS제재지갑),TRi49C8uetw2NZ2hKYfei1HRdMsnYiGY2Z
UNKNOWN(OS제재지갑),TRjQM4W7YqJZmn41itcETFYQ1Gy4LddTSR
UNKNOWN(OS제재지갑),TRkrud54UMLhidM3SdwbEeneTyi42UEcUP
UNKNOWN(OS제재지갑),TRsAeY71dZvRPpxmbYRaFYmRfaKmk4Rvd3
UNKNOWN(OS제재지갑),TRsJo9dLYzxp7XXvGzQwX5mXkRKAYYXJyV
UNKNOWN(OS제재지갑),TRwvSmistRy7vK8mq2xpPA85fj9wRJKcUB
UNKNOWN(OS제재지갑),TRxF2rUMnP9PTGmaJzz1oK6b5bSqoXkXP6
UNKNOWN(OS제재지갑),TS6VWJxeLne2YaHfywsZEPwifqP7HQtKvi
UNKNOWN(OS제재지갑),TS8LuNarm67hCWeQAYizr1Kf1xvWi96LBr
UNKNOWN(OS제재지갑),TSaLg1S1gC4fkwcBSKM36KNSikWjA1HE2q
UNKNOWN(OS제재지갑),TScXZTbDjjZ6a6jiC7dZjgCqfNo4vm7atV
UNKNOWN(OS제재지갑),TSgiPLeKKTd6vQa2aLfb1QFmNV9DW52xYK
UNKNOWN(OS제재지갑),TSimaHshdwmrHx5XYr4Rw5xsPjXitGNzQ4
UNKNOWN(OS제재지갑),TSjw2iZhN2LVvQneYEbZSNMbXNsbQfmQ24
UNKNOWN(OS제재지갑),TStACMeyKFiV1p1QpYsDQF15cs1ezEw2dT
UNKNOWN(OS제재지갑),TT7Fes7ErX3JvE71snmbo8PkE8R4NZpMYe
UNKNOWN(OS제재지갑),TT9z1K9NT3XmMmvC1CaH3U76GFYi3FS1Zt
UNKNOWN(OS제재지갑),TTB6rtpVxnR2FbSrf2DWXcdQrz6Bfqyhm3
UNKNOWN(OS제재지갑),TTEnpnwS4VHStV6nU75tgsTQcHvXuB5ReU
UNKNOWN(OS제재지갑),TTGzaD2v3BSQwWHzn8L8mMdLfqL6ugjw49
UNKNOWN(OS제재지갑),TTH3XRSyi4dzBevbUysP6xesoxkU1tNS4T
UNKNOWN(OS제재지갑),TTLrrHEaKX3NRh6gDthYoJZudacBuLVZKF
UNKNOWN(OS제재지갑),TTZ7y3H6dmzpPocQtJUhtt8NUWczGkqwwy
UNKNOWN(OS제재지갑),TTiDzRuBU8vmHV1jKVxMhonMKKrchydXjb
UNKNOWN(OS제재지갑),TTk3ARJe7T3nygauKRwbQiy4MCNRNJhfEA
UNKNOWN(OS제재지갑),TTnsCooyH7udWbwbybr82BVWEudyHvKvHb
UNKNOWN(OS제재지갑),TTppnKCiczEhCmCQNrjRsigq4FcizSPZXY
UNKNOWN(OS제재지갑),TTsEjRoX9fHX5hrzZcBdzcTV2JpF6d8HKx
UNKNOWN(OS제재지갑),TTxuaC7zJ5QbBhnUL2KEkQbFc5UEipE1fd
UNKNOWN(OS제재지갑),TU2TsDYZSVgeferWm7qgdKYgohgFn9CB9s
UNKNOWN(OS제재지갑),TU3bxJ7FRpwsfwwc7bQLa9Jr89e7UzWB3m
UNKNOWN(OS제재지갑),TU3fcRVCuHGxkk1i8ge85MxV4TJx1qRLDS
UNKNOWN(OS제재지갑),TU5JrXpbWJsg3YKNStZFSnddAAhS3pyTy5
UNKNOWN(OS제재지갑),TU7N89rqSzYdTpj7tkq98zhmheT9tU1uzY
UNKNOWN(OS제재지갑),TUAJ4qENLgTwrrioPaW8rKDYs4rZbxkWZF
UNKNOWN(OS제재지갑),TUAnQreFFUpCvCb7ccdNuERmWhdePpVJUQ
UNKNOWN(OS제재지갑),TUDE8fd8iLHMt4r5C1ybpohCvyvM1vDYNU
UNKNOWN(OS제재지갑),TUWR8ZhFrCeNg6NX9TDkHspGAgZX56E8Dk
UNKNOWN(OS제재지갑),TUig7bV2axB8LvbMqEXauPAuhMFQnTLhZW
UNKNOWN(OS제재지갑),TUkxNX8KsL72RTRCdDqoG7MiXi9973wX4K
UNKNOWN(OS제재지갑),TUtw7GQJssJ6WtBE1J2xKks7VimKP8m587
UNKNOWN(OS제재지갑),TUvkQfgQPGHucuyC9p3QeQUAxkqdKneEUo
UNKNOWN(OS제재지갑),TV8jeHiNXGVCGNbsN1U7ufbtfFsWssLWKm
UNKNOWN(OS제재지갑),TVCtcB4BM8n756v7BHB22kqnP6mHyq8VBN
UNKNOWN(OS제재지갑),TVNDC3AurrX48TaZZHFuJHVCXBCyYBdrYP
UNKNOWN(OS제재지갑),TVXy9j3MHePgN3ydyr3D8NojB5RLD3AcRs
UNKNOWN(OS제재지갑),TVYKpp8t92Vjq1ZRbTMSTm1hriAxXvNkaQ
UNKNOWN(OS제재지갑),TVboq8xBRBSzCQ8v9cXQCTeGZmpoUNhjC5
UNKNOWN(OS제재지갑),TVoJZwG6SZrpk2Y11w2WW54HyvJmKTkeqG
UNKNOWN(OS제재지갑),TVwRTHfpXPrAKmU4LDYpLhLM5ENosQNDSy
UNKNOWN(OS제재지갑),TVyJfzahkhvLHa7eruXMcuYuVFyqirk7Wc
UNKNOWN(OS제재지갑),TVzsknku8cubpukTmUVn5Ro747Bgw3GS63
UNKNOWN(OS제재지갑),TWBAPzpPiZarfVsY2BLXeaLhNHurn4wkWG
UNKNOWN(OS제재지갑),TWF9inkSHQPQf5KXXCTot7H8zh5kLA24Vn
UNKNOWN(OS제재지갑),TWHpRB6vLxqNeCXdiRgxj3t3bQx47c4E2v
UNKNOWN(OS제재지갑),TWQEKPhwtXk8XGfhfnQKHv6AU4Ce4qEEm4
UNKNOWN(OS제재지갑),TWaertrZdpRJSbLv2G638UL5HCK6sKcZYy
UNKNOWN(OS제재지갑),TWeRNPzBjUroNfSuZPA8B9c2ipjQkYM5PL
UNKNOWN(OS제재지갑),TWgHSaHWB8vXeniQSGWJAQs4HhA43gpQzq
UNKNOWN(OS제재지갑),TWi1Y5CvwYowXuw4Pn3PPd6soDAo8e8Yez
UNKNOWN(OS제재지갑),TWvsfLNZrB8xPEeUE5Jzo94MzNYcCZ3ia8
UNKNOWN(OS제재지갑),TWxeby3JgFkdTYe9WUQJ9dsbVFofauGKiL
UNKNOWN(OS제재지갑),TWyxNzR61FhAeMwXNFTVzSWfhkGMxrSgcn
UNKNOWN(OS제재지갑),TX62VPUSw8eQ4DTRi3GExqALbWQGs1mfmB
UNKNOWN(OS제재지갑),TXBMWt3T4WhFkcPnob1567cGDM3ou27GWE
UNKNOWN(OS제재지갑),TXDYVtjip9MXk764qjUe2JTG1o5NdEjDme
UNKNOWN(OS제재지갑),TXFaNo6MZifpqtGUPn4vU9LzGkxqSW4XcM
UNKNOWN(OS제재지갑),TXPggkiHzYZofVqpzMDS19ePG6qmcnu3gq
UNKNOWN(OS제재지갑),TXQyMhsxZfcGqPdi1TAYWJ5bVkcVyR2ye9
UNKNOWN(OS제재지갑),TXRBsytHfJDoAKRdcedgLsoHudh1xJGUdC
UNKNOWN(OS제재지갑),TXRTT6K7djpRGvYqiMHZSc9HcCN9dCQqu7
UNKNOWN(OS제재지갑),TXXfxvnjg4497duutm5uEHUgqAhSVoM4nS
UNKNOWN(OS제재지갑),TXdNFmv2wngkc9WT4sT9HdFgVWbYyfX21L
UNKNOWN(OS제재지갑),TXfKFBPkZTjcjvZLpzZcXeTZVav1VBEmfu
UNKNOWN(OS제재지갑),TXgHXMa97Pq1D6xYVsboVtsHon5J7wwtmZ
UNKNOWN(OS제재지갑),TXmQwjEHUEU1jAtUQZeXJoYUCR2yZD8bXm
UNKNOWN(OS제재지갑),TXs56ZWCpZ7yBBhDZ8J8tFqc9y31Ra9RHC
UNKNOWN(OS제재지갑),TY3TUu4RwSDmUqQAbQ66vU3tRdkqPC19M4
UNKNOWN(OS제재지갑),TY825nrM5GiztWFRQW3JpPUAGuZhWPisSA
UNKNOWN(OS제재지갑),TYCXTfSGuFFQRdMy5WmFV6orXFKLo6gSqk
UNKNOWN(OS제재지갑),TYWa78KiKTiLTdxjjMznysjbJjPZK8an3a
UNKNOWN(OS제재지갑),TYXGsCJG9c3cPQxEKDpu3p4nJbxn3LJ2K2
UNKNOWN(OS제재지갑),TYXqLb9ZyAeJeTFkt3Tx7kNyc3HufjvnMs
UNKNOWN(OS제재지갑),TYh5oEYa8hJhXtbkpqXDpfSYUg7udNJ8DY
UNKNOWN(OS제재지갑),TYiJb2qhbtzSmSYWv7at2M7EGrH8EcgmJr
UNKNOWN(OS제재지갑),TYkfXFJan2UMdot1sp9Jyb2hBaSbkYeZgK
UNKNOWN(OS제재지갑),TYrya85AraRoejCyTWnYhb2DJCDW5rHVce
UNKNOWN(OS제재지갑),TYy8cFhadMXY6K9Bt5NBewZnQrZ6UpiZrA
UNKNOWN(OS제재지갑),TYyQ2HCgXFABCufx5PX5JkXQbfAPnMphxx
UNKNOWN(OS제재지갑),TZ1bLdAGQPH9cQkR372TGZJ99fjBi1juTQ
UNKNOWN(OS제재지갑),TZ9JrrzwmHTBb8fwWGp9MKW8VCmQmVH6bY
UNKNOWN(OS제재지갑),TН96tFMn8KGiYSLiwсV3E2UiaJc8jmcbz3
UNKNOWN(OS제재지갑),bc1q67w36rccwju6pu72gar6e7z38k68k0ppngxc9w
UNKNOWN(OS제재지갑),bc1q7mm0hwsud2j356a65qctefrua0km05g87jm62p
UNKNOWN(OS제재지갑),bc1q877qq09uyce6he3z57f2jea8dlr0rm237zfgyw
UNKNOWN(OS제재지갑),bc1qh5y3u7eu23qu4kazfgxrpd9dd488k6f3gmd7xu
UNKNOWN(OS제재지갑),bc1qkxdyxxepdrhw578z25qlnkq0z7fud46z9nleqp
UNKNOWN(OS제재지갑),bc1qnz0wdse3yf6xasgez07x46n6nhesath03kmmr5
UNKNOWN(OS제재지갑),bc1qtsrtmpzu2rjgrlmvz2jre9nalwxp6z46l64f49
UNKNOWN(OS제재지갑),bc1qwtem49c0n037jt8rlng82zlserr0e2yvsp237v
USDC(OS제재지갑),0x983a81ca6FB1e441266D2FbcB7D8E530AC2E05A2
USDC(OS제재지갑),0xb6f5ec1a0a9cd1526536d3f0426c429529471f40
USDT(OS제재지갑),0x175d44451403Edf28469dF03A9280c1197ADb92c
USDT(OS제재지갑),0x19aa5fe80d33a56d56c78e82ea5e50e5d80b4dff
USDT(OS제재지갑),0x2f389ce8bd8ff92de3402ffce4691d17fc4f6535
USDT(OS제재지갑),0x38735f03b30FbC022DdD06ABED01F0Ca823C6a94
USDT(OS제재지갑),0x983a81ca6FB1e441266D2FbcB7D8E530AC2E05A2
USDT(OS제재지갑),0xad92a818e26fc3dbce7a1972308a4a86f54dd683
USDT(OS제재지갑),0xb6f5ec1a0a9cd1526536d3f0426c429529471f40
USDT(OS제재지갑),0xc077bbfcf9b5b9eec0dd105e15b65ebc2a030600
USDT(OS제재지갑),0xc0d227bd0580bad9435ca0b884ebee7ff8da71c9
USDT(OS제재지갑),0xfac583c0cf07ea434052c49115a4682172ab6b4f
USDT(OS제재지갑),0xfec8a60023265364d066a1212fde3930f6ae8da7
USDT(OS제재지갑),12sDU3FyYJXc2oRzE6XXuuhVHCBJvaoCC8
USDT(OS제재지갑),13ztYvFxVpioqRvr8YUz7UmJm36ERJhMBG
USDT(OS제재지갑),16iWn2J1McqjToYLHSsAyS6En3QA8YQ91H
USDT(OS제재지갑),179bzhS4FY7qLDza9YjuorhWyXVVYZu2YH
USDT(OS제재지갑),1BPf9qr7M5xUgNHUYtrQtEKvUKcyERzXao
USDT(OS제재지갑),1CF46Rfbp97absrs7zb7dFfZS6qBXUm9EP
USDT(OS제재지갑),1Df883c96LVauVsx9FEgnsourD8DELwCUQ
USDT(OS제재지갑),1EnX6BuJiGWydqXJT9BN5dSvfLg3QW4Mdz
USDT(OS제재지갑),1Gg25VzQkqCizXHNSNet4RoysLEe19su4s
USDT(OS제재지갑),1KUUJPkyDhamZXgpsyXqNGc3x1QPXtdhgz
USDT(OS제재지갑),1LrxsRd7zNuxPJcL5rttnoeJFy1y4AffYY
USDT(OS제재지갑),1QAV9VoTVw7XoyqiTjmNHaKSkNc9QWfqAh
USDT(OS제재지갑),3E6ZCKRrsdPc35chA9Eftp1h3DLW18NFNV
USDT(OS제재지갑),3LtcaPbCj87CwJHnRX3vh7c2y9RZQqeSy8
USDT(OS제재지갑),T9yb6vP8o8PQJLNmcCkC9wfk73ULTCy2MB
USDT(OS제재지갑),T9yfDTx9adWW1rN6E4UVMUoCQBwzb6wxsc
USDT(OS제재지갑),TA3941uFAvmVibSkQ6fMJXxmaSNovX86mz
USDT(OS제재지갑),TA39q3p75XRSWYAEaSF7dANtyksoa3sLge
USDT(OS제재지갑),TAEKKjTXhKYjewhdsxyk6T8oev8A6PriBu
USDT(OS제재지갑),TAHg5ZFkxaJq5wE6pGpM8mY5Q1YEvz6W3G
USDT(OS제재지갑),TAVKvfHt77vD1hQzEUzPSjsTTqNNjSYjBV
USDT(OS제재지갑),TAYmr116QUo2FbgGxbrZ8BMgLStnnusdfJ
USDT(OS제재지갑),TAfGsxeQz9PQJ2wEgj7oR3cuiL3zCLqtWz
USDT(OS제재지갑),TAfq6DEfwb91KHxKmf8im6pWhgFP59FJPo
USDT(OS제재지갑),TAig6gAMakUfPq47vTetcXfZQKAWCsnL6P
USDT(OS제재지갑),TAkPhaUhsPt4R8dF5tASsUHTqu1hw1GqpR
USDT(OS제재지갑),TAu8G2TaPjBw3TVVDKg9SjT2Wu6uijBKP2
USDT(OS제재지갑),TB4W3xWh2xYhE5ABx4C4ffnWQLpmpVmdcG
USDT(OS제재지갑),TB5UPBTtXYwwmSviWBkQcFM64o6R1CDXUY
USDT(OS제재지갑),TBATDh41qMQ1yeVYecneEvhpfayYmkAQWS
USDT(OS제재지갑),TBEhrZnVjgWMyg9tP9xizmHaGUKFt7hQ3u
USDT(OS제재지갑),TBFq95yWh6bwZsE9KUAeNxbEEbmAJwsLEL
USDT(OS제재지갑),TBFsge25WGRVJ7cXBKqtPKxiaVjNYrGdhD
USDT(OS제재지갑),TBUMjzrcnHsLpmw3HAuLHBcKwGRaXLghM3
USDT(OS제재지갑),TBWRDpQsW1ZVPGGaBAwVLNb7iqmVBuM1nj
USDT(OS제재지갑),TBYRhsZR7Mdn9ezpGVLwZiNVnGm8wZGLAD
USDT(OS제재지갑),TBZefVsyQpzzxc2WSCLbZBECvxVdzGqdtC
USDT(OS제재지갑),TBbakY3qANmXVRaY1GHF5KJMfEJCsw3gTD
USDT(OS제재지갑),TBd9nfP2L6wndSvfepSAh52LERk5RjgdoR
USDT(OS제재지갑),TBeWQJiLtL9Rkmdkgdpp4gqQTCF31SSHBG
USDT(OS제재지갑),TBugfvTSnKyfy1sgyrwvZLmub8iVUKCFp7
USDT(OS제재지갑),TBvArRahEYFKi8dPXKBKYpGz5NncV3nVJo
USDT(OS제재지갑),TBwTnC5UZXKWDM538VthWj1g6neMmhKqQj
USDT(OS제재지갑),TBwghbQMsBC5xcUxE7ZpYXhfDMXZAfiFv6
USDT(OS제재지갑),TC3gpHm8myDWYcE14gwbzY76eJD8Y3otAS
USDT(OS제재지갑),TC4VsFHJdZ66BdwobZxkudVZBVmQZgCP65
USDT(OS제재지갑),TC5UNu3LGrjjVCuLNDdVgjm4oL5cQAyFRZ
USDT(OS제재지갑),TC7xjd5tW3D6A9BERmub1SkbhBhw73pXV9
USDT(OS제재지갑),TCA7AfTSuDmgYk2VaezfPuZF4Z4X8wxwcQ
USDT(OS제재지갑),TCBQid5aFnqkcCT4t5UYctPtnimGDSYns6
USDT(OS제재지갑),TCGqX4FwKWGwWBhji5MyYF5QPQGGPgiELi
USDT(OS제재지갑),TCJnH5XVhZRnst4esZC1dyb5VcqErVxWCK
USDT(OS제재지갑),TCMwFA3kv33zKaARnB7NT4RqG7y3ya21Lt
USDT(OS제재지갑),TCNdE7yzZEpBJmcrghfxPKwt8zDWxZsPxq
USDT(OS제재지갑),TCNku13BsaKFV4EtrrfHg7KZG6prJPJVUa
USDT(OS제재지갑),TCaRTRVpR6eT39reL7LbWgGqTweQfzNAuv
USDT(OS제재지갑),TCqZhN98DHuGs4Aa8gbe5kswQUenLiH3aw
USDT(OS제재지갑),TCrvaaFooU3tamGeESNQP1AseBJpeahrn5
USDT(OS제재지갑),TCswxXvZetLwiZyVuHiunoKdX7bzSZSt3d
USDT(OS제재지갑),TCxmCKgpCDZURrAaQ5BjmcLDGZfTAcSeKP
USDT(OS제재지갑),TCzeYLYU8zSh2VsPjH2BxV8vbt2UwNUN6X
USDT(OS제재지갑),TCzq6m2zxnQkrZrf8cqYcK6bbXQYAfWYKC
USDT(OS제재지갑),TDEAT1N71v7si2k8uH6ok14FgYCSnv9Gaa
USDT(OS제재지갑),TDGzX59t5ePLJgNw2hPuWLAUREh5rVgRxL
USDT(OS제재지갑),TDJ5yNt7JbG4h8qH7pKMcd8A7F9Zckhmhr
USDT(OS제재지갑),TDJbBymp1E7qr7wFSdo1c8SUbxLH9pkpag
USDT(OS제재지갑),TDNKsLvsY2iSznyghddXz7ZDRc4X3191Z8
USDT(OS제재지갑),TDcMZ5aSeMYrjtKs81wTZDpGG28Pig8ToS
USDT(OS제재지갑),TDdbRFoBTEmE3qiR69Y6rKRSG1hoF65QaE
USDT(OS제재지갑),TDkMsYLnoGCd4xsuEsFrHP6i3B32xXujRv
USDT(OS제재지갑),TDprk9jeYPVm6khkBp1u7fwuyJcEJFrPWD
USDT(OS제재지갑),TDwN1Eq62bqvVhfGAjdRRJjE46jsi5KNMV
USDT(OS제재지갑),TE1J7fdDТtkbNPAU3Qcbu68D6TBvizcoЕC
USDT(OS제재지갑),TE1ujDVmVuZgdBBedVjUYSqYgQfxkxoCid
USDT(OS제재지갑),TE3mCcPULjPUE7ykX7RArDPAhyahoy3d2j
USDT(OS제재지갑),TEAqwfMhXLaomXhZ8KeMhx3njGmQEDnsUR
USDT(OS제재지갑),TEAzmGvAA6dWAh9nM8mnbMX4YgVi41SEob
USDT(OS제재지갑),TEFph7dZoUN5233cGEzF6XFwRpjPF8fQDS
USDT(OS제재지갑),TEHamYhtfqZgxoHDXFJ7WyzvmuxuuJ8Jn6
USDT(OS제재지갑),TEKNPveQfoWTMJ5a6EuEaDhZRyrE5tLknh
USDT(OS제재지갑),TEKWVjLfq6RzJYSX9Ehrg7CNhTFP23ptZV
USDT(OS제재지갑),TEXsD49JGEaM8qgBX77Xuq3wxMKiAyWHNX
USDT(OS제재지갑),TEkgPgzDP2am78PYShj4bhM4U9N8sD8Khx
USDT(OS제재지갑),TEpN1gvTEYx9Wx9hLKo4NkreQ1qmSLpxWY
USDT(OS제재지갑),TEpcJNDfof4bad4GEse7T9hr597NTCb1So
USDT(OS제재지갑),TF3S5yt9kXtnsGWPgiFjZ1LQjLsGmWzTgD
USDT(OS제재지갑),TF3m1GQe7Q9ThUVZUEmtrABgDdgQ2YU66U
USDT(OS제재지갑),TF4J8Gp7zbS8NA3HLuxsLdx7Ebzr6weCGn
USDT(OS제재지갑),TF8LXVdwHa7qYFvVB2A987gNpELFYDy6JG
USDT(OS제재지갑),TFFvv7NAWmbcVfA7QN81mMvUC25TWj1WJx
USDT(OS제재지갑),TFG5CfiCLYVQzJScΥXd91xzr49njbyRaw1
USDT(OS제재지갑),TFN7JmAAqoLruN4v5p6mqBB7cDzXynogC8
USDT(OS제재지갑),TFSbeTdmykTh7N6ZjuRfcC8Sg5wxe8c1z5
USDT(OS제재지갑),TFSrhckEdt1jCDc5CwWyqzDhuuWtCauh9S
USDT(OS제재지갑),TFbQwFuFfuEjkTdR217kJdz9F8XugLx4oZ
USDT(OS제재지갑),TFdHux43bs21qRsygv5WQWfgtbQeT6nXey
USDT(OS제재지갑),TFmvU7aWd9ML9oMYyHd1tRyBRA5jZWA8aJ
USDT(OS제재지갑),TFrH3dcpnR3tADrAcfyJwiK4brsgf3B7PG
USDT(OS제재지갑),TFurWgnyNMq9bhLrLoT9FGnrLfAL2BtR5R
USDT(OS제재지갑),TG4YsqEynLqov2AR5gsL6MwnP6H4cs2YNM
USDT(OS제재지갑),TG7YAAmZ5ALicdhuxKoE3DqnuBPj2zgG1Q
USDT(OS제재지갑),TGBWewkqdGPa1AuLrSF3bBGh8nZzBC7QET
USDT(OS제재지갑),TGD31KmBo2ZoTC53abxYKzt8YEjyT5b4qU
USDT(OS제재지갑),TGDaYNWFXi9HJ7NacfETF15vhUH7eRhKzt
USDT(OS제재지갑),TGJVc32ig2u8tQsYMLE7KXHT5NDQroaVNU
USDT(OS제재지갑),TGJmdXUt5mJW8RbM2LEWQdnyMwwF98Xw53
USDT(OS제재지갑),TGKgLatirRpTugS6wgCUKerjLbzWKXAVqx
USDT(OS제재지갑),TGLxkBZExSRbQex16kBCaPFFxzp5f7bojD
USDT(OS제재지갑),TGMFaAXH15oaW8MpcNHLid6NbMKWaaNPdC
USDT(OS제재지갑),TGPpUijtVSBBq9e1yKKkx2N84YKmZEAjsc
USDT(OS제재지갑),TGRZZsD8gxahF5oE6C7K8LLRHqQzoPa5bX
USDT(OS제재지갑),TGUPpmW2bAnMCLe5ih2CFisfCHk4gTFDsx
USDT(OS제재지갑),TGdpkwNVFjw2DnbHBCFKLvCygPVPz9w4iM
USDT(OS제재지갑),TGpNzk9noyvCCdnFPuSg5cqptPs16LjXZq
USDT(OS제재지갑),TGsNFrgWfbGN2gX25Wcf8oTejtxtQkvmEx
USDT(OS제재지갑),TGtpnHgW8gcfzRj1NEkLXR9AbN8WWLdJ2p
USDT(OS제재지갑),TGyqSiNR8F4g7HCj9p8s9dYjZ3UuYnDcnx
USDT(OS제재지갑),TGz6F8TkTAoKVv7mTsNx6AqMn1m7hy27cn
USDT(OS제재지갑),TH5KvTTp6mFPUMfPjDNcWi6mwuHHLm4zP8
USDT(OS제재지갑),TH5n49Vv8DoR1WUPbwYVaDUTHa8vPspW6D
USDT(OS제재지갑),TH7g1pPBVZMEg5etNLUxma8B55cSTD36JK
USDT(OS제재지갑),TH96tFMn8KGiYSLiwcV3E2UiaJc8jmcbz3
USDT(OS제재지갑),THBbtkYekMN5MMXrᴠJ48PM3kdte7VikjΗo
USDT(OS제재지갑),THCVcSevbe2XmhfSfeDAHEE7UUoZTQAD9a
USDT(OS제재지갑),THE5jhvwdpKDcgbkN4QAQntzsrQV6Ysz9J
USDT(OS제재지갑),THEQTsqPhRDDfgcfBW5npH5Lr9PZhpthrf
USDT(OS제재지갑),THHb5iMAbZgQYY19h6uY66y5xt6e11gcZC
USDT(OS제재지갑),THUqqeevBQS3EYordDJKwp8DLFknesnfCD
USDT(OS제재지갑),THfub6BYvY3hFXanX3LZgm3wyHVXCJaVWg
USDT(OS제재지갑),THh5woR8qfmDsNknQ3agPYzQSiRtMnKsTh
USDT(OS제재지갑),THi8LEDyNWVtLMqy26HyTPoLeKLGNnibKn
USDT(OS제재지갑),THntLx9amh5AuAQjXVb3EETRULqFJiyX36
USDT(OS제재지갑),THob8vRrpDybXeqZDj8ukQhMjJVJ5nCbTW
USDT(OS제재지갑),THwBTFLnm1AE21jK5Vxn7ZQcbwSeJYsXgr
USDT(OS제재지갑),TJ4WNKttXS4RKkCS8whtGTTETSjLY2v6Nu
USDT(OS제재지갑),TJ6XWZ7jxPQCbgUHMBcWAC9gRmD2zDgzKo
USDT(OS제재지갑),TJ812KESWjzJZGEWBPFCu74Js5zQS7jN5A
USDT(OS제재지갑),TJ8MRj19a6BEM5zHUjkaDgLer3tJtg7GtA
USDT(OS제재지갑),TJ97cGBXvXVruHiwyAdWgv7ZcAnnoox7KL
USDT(OS제재지갑),TJBg9SxwiUUoqJGk18vK9avxkuV8GrKMK7
USDT(OS제재지갑),TJHYdjgVԜArHcFF3QDtR7ygkХh2yENJ9Ef
USDT(OS제재지갑),TJKofAGPQ2mSmnPwugN79p1Ceu39KBZyHC
USDT(OS제재지갑),TJThCjUk2xxMjz1iVzmyF1zF4o5jMGgeEN
USDT(OS제재지갑),TJW6vKkVKJnNKTVVXQizMivQgmok5WQSXN
USDT(OS제재지갑),TJd9M5KxZYadNVsGWBhHCvz613xJXeoNhk
USDT(OS제재지갑),TJdTWNG8YdADcXHZg9ea1hnrսNdMN5i4p8
USDT(OS제재지갑),TJi84PYLCQMyUJhYpb3UYMjLq8uaJc2C6S
USDT(OS제재지갑),TJn6CpB4gKh6xeXWC2P9fUdgodVbEeJkNG
USDT(OS제재지갑),TJt2DZfVsSAK669i4euZ1ybvPX66tUGmTb
USDT(OS제재지갑),TK1FfgAzqqNiht6AAbJ9gw3na6qTxT95Q1
USDT(OS제재지갑),TK24dkq4AbwQBh8bwtJuLa2embZv3hGyFf
USDT(OS제재지갑),TK2qsXyDvRiCtgDvxeC6ndkqY1zhPYG8aa
USDT(OS제재지갑),TK3JvoD28HYBz3drnqCafMYpBVgt3N9PT2
USDT(OS제재지갑),TK6eMp7DKr1YdA282HmdyvDKMbn6qvRVvP
USDT(OS제재지갑),TK79mQthuumJCGf9Ua4mWUUgBRS1hNBKdn
USDT(OS제재지갑),TKFmsWwzDk8vqnKx3BQ9DJxa4dQqbpPQg6
USDT(OS제재지갑),TKGvt5Rxp7CvZKkd7mjiL4cjqNkqzyQqFR
USDT(OS제재지갑),TKJ3bK3NpLpSffjjfzE5akirddBLxgXVRT
USDT(OS제재지갑),TKKZae3ztkg1wUK8qLxAN1ReVjQPRjtVCi
USDT(OS제재지갑),TKMN7w6fvxgMqHVLrDtpBSPRhNagUni9Rd
USDT(OS제재지갑),TKMWbz1VsE7zBQmQ6daFUiEoqfT3z8ZqBE
USDT(OS제재지갑),TKN41so8hy3RgU9d1WbGdt4sqfiNAGfWvr
USDT(OS제재지갑),TKQPjubqsh8AJ2APvEANcrcLGhcduiGxVh
USDT(OS제재지갑),TKbSQ1HfN6eoSJe9SFMffCMsQy3Df5xHU5
USDT(OS제재지갑),TKbz1b41yjdbs5Sv5L3ErbGSJaWRMJB9do
USDT(OS제재지갑),TKmhHzCG4bhJW12WfjNVcsA8rqrQ9UCXgF
USDT(OS제재지갑),TKn1vjzxuJG8T49di18ywz6TXFmWu8w8dL
USDT(OS제재지갑),TKrsyPEiBHxrKPu4iS5noy8oXtsUr9p1DG
USDT(OS제재지갑),TKsfwynMRHPTtCJCqUEx5DYQ974YtKhfnE
USDT(OS제재지갑),TKvDoaDgRcFpLbHxnrERMSuYuPoEgYNZo6
USDT(OS제재지갑),TL1vvDYRe3FY3ymiZFbeMxaDem35wNyuZg
USDT(OS제재지갑),TL2UPnqfgF8QUf5zX8iQPbLGq2GHYkAds7
USDT(OS제재지갑),TL5YZusTAiWDJrz1FRsgPqihMMpTVbE7Q9
USDT(OS제재지갑),TL96tcqQxjGB8aj9Senxqbi8CfsMc4ycT4
USDT(OS제재지갑),TLM3zA3EWycoDX4ZX4gKze7sgfbdkntTum
USDT(OS제재지갑),TLNRT524dzL5FF1nJHDhYEMFpeWjLjRbz1
USDT(OS제재지갑),TLRMHPjLGXsVpD9RVzSfat6zDiVDrd4b4w
USDT(OS제재지갑),TLT4WWjyPnmHMRAb1gowQfJ9FzWdJn8o7z
USDT(OS제재지갑),TLbCdStwрΒihH4k5QQbvoBEWfZdnuWGVΕb
USDT(OS제재지갑),TLgdyCE1M8cCAJ23g6DJXF7b2inZ6Zeqfm
USDT(OS제재지갑),TLh3MvDyki3guvZiZUgw2Fupfv2bP3t4vf
USDT(OS제재지갑),TLvuvpfBKdxddxSsJefeiGCe9eVY8HUroE
USDT(OS제재지갑),TLxUtCofV67Eg5MLwMqaYqUbYLicR1ceXc
USDT(OS제재지갑),TM42JwMQNQSC7gsjnxSKwNdEJozUCU6pbA
USDT(OS제재지갑),TM5CEDk1ᴑtW463dN5ѕdG33AeрvDBYM4KLm
USDT(OS제재지갑),TM5pvzwm9h1Dpu6hAiLn3vKqgG1dHkzLTZ
USDT(OS제재지갑),TM6Kix9wH8cYQ4rLpFifsQ4ddH3rPX3f8p
USDT(OS제재지갑),TM75N4dnJEjsHFSMPvQP4Srboged8MWF4d
USDT(OS제재지갑),TMBqkNa9heMN3zeeEEvaWFtWKeJyWBWYpQ
USDT(OS제재지갑),TMECKT19hfumcK3KqQKbhxkn1ohyeR58xu
USDT(OS제재지갑),TMEPb4KGi3KaqjQmsTFekncHhguM4VjbMS
USDT(OS제재지갑),TMGLqRQ4twjW8wJhVH1mQR7nUThpGHUsN3
USDT(OS제재지갑),TMPei4UcPjmDfrWUCRrq5fC9Vsjv9KLuM9
USDT(OS제재지갑),TMS54Lx2dMFwJvJf2xNEdNMX8snbRZBTL5
USDT(OS제재지갑),TMULwEdBRAd6f59NVom9gFH8ЕL3WRVfzрM
USDT(OS제재지갑),TMW9KQcBGPMtLjqGY5TNoj1PEJpFJ5tvTE
USDT(OS제재지갑),TMgnRWb9xFMtktny9Lzty21QYLLQD93ft6
USDT(OS제재지갑),TMgzfQbWg21inc1KtWsqsdMbYEjWR6ncNC
USDT(OS제재지갑),TMiSGhXXVsvJzqwGbwAsGiFxWg2eALZoM5
USDT(OS제재지갑),TMoFRbRQVrxxJcri9Qtz8z944xLaYBaHqY
USDT(OS제재지갑),TMp6iM3hUHGgYyTtEcK3FMYRvj5KFDGPf7
USDT(OS제재지갑),TMy7UWonVxDTDC5uDBxfYhKRKr9M2BF5UT
USDT(OS제재지갑),TN1DoZq2aEmzwyDdifY2DJ2fACGcoemDJq
USDT(OS제재지갑),TN3GiaqYouqqSDnmnWYREMwKpfTihL7S7B
USDT(OS제재지갑),TN8xwCHhM5zgrTHVeEBmLbwf7zVYTyRGhV
USDT(OS제재지갑),TNaNVnZFNsuWeZhBMMMuX9a9MevPZcnwvd
USDT(OS제재지갑),TNdtkR5MsqCeEdB5JBpve4UW6mDftyYNYB
USDT(OS제재지갑),TNjV9n6NMbmyAjiUUBPgXAphbr5Yq7wEL8
USDT(OS제재지갑),TNotPaNu81PBzd4JVPYDH3SukB9TZ544Xp
USDT(OS제재지갑),TNuA5CQ6LB4jTHoNrjEeQZJmcmhQuHMbQ7
USDT(OS제재지갑),TNutMPVfo5mVCC2j81ZWkXXzdRJrMUeKuU
USDT(OS제재지갑),TNzCTGvHg4ssjxoHioLkUYCEwnJDPFVNeT
USDT(OS제재지갑),TP834zaucGKtAVjJPc9QQQkz5ses87KEf8
USDT(OS제재지갑),TPCF6SSq27r1E542GiaCmxzgunjoa7bnkb
USDT(OS제재지갑),TPEF7HdErBMG43nsrxfm2daPNVBaFxHBkE
USDT(OS제재지갑),TPF6cXLiatHpAUBN8p5m8tNQX5dhd4Kh2J
USDT(OS제재지갑),TPF9UQhqpV18BPWg5xo6MeB3h8t4iEg9gP
USDT(OS제재지갑),TPHfJ1n45xuko5PmiM1HQ5TNL3gwxMroBX
USDT(OS제재지갑),TPKFo86STad1Eg1MhDeoyhf5g7wivLqoոF
USDT(OS제재지갑),TPPR7e8hGC57dexrE2jy1f94wtuGyVP6Dp
USDT(OS제재지갑),TPcUZYthDfxNsHQnZZGBM1BDNBeNSjfPZE
USDT(OS제재지갑),TPo3JyryRcQ3uhBWexeYhtkpMitsUwY4uB
USDT(OS제재지갑),TPqThVokmuZ6LsP5wTixBtb4P5LQHX9Rkv
USDT(OS제재지갑),TPsxEKAwZnNcenkchJK84YbYHjvnboemD7
USDT(OS제재지갑),TPukKcTqUNLGV6GTgmoLLQSeoJwSo2x9Ak
USDT(OS제재지갑),TQ5K2QbGm9H8KXFTkWk69iEFZMGiQjuRxX
USDT(OS제재지갑),TQ5mpZPbQMSq2s1vSM3RJgiB1AsTsiTpFZ
USDT(OS제재지갑),TQ94t6LJc8p7tD4LuXRgniWB4Zc47C8oty
USDT(OS제재지갑),TQGZKUt18yLEGPHJhYR6vFkvBVUqHaMTET
USDT(OS제재지갑),TQHFdrpA5v4LskwQ4jLQZHntKpse9x8q3X
USDT(OS제재지갑),TQKQ4ntejdYYJpuYkFz8oCSDoXW6RKRDdY
USDT(OS제재지갑),TQNXeB7ZASyy9taFh4449DJLnJfcTyRUtR
USDT(OS제재지갑),TQUj1zsD1L2nvem4a4PoLFbG64HyscVa38
USDT(OS제재지갑),TQeK3PhUw88uCrWKBXbwR35tJAcDb9XuSs
USDT(OS제재지갑),TQthYM5nLqwAEr6DScC8tRtw29ncEB53mK
USDT(OS제재지갑),TR18rEj7gWjKBJLYrowyfnvjWLTTsXGngK
USDT(OS제재지갑),TR1bh8eYVzHL9jSCzXFfUeKv8oSGciVRtm
USDT(OS제재지갑),TRC1Evq9jUaKVRBktCahH8yGohXRd6PEvr
USDT(OS제재지갑),TRKFqdP7rXb63dhZCCb36bnhvV5Ku7rwFE
USDT(OS제재지갑),TRPUBmTwXoPXiNwB8LdmdBrqE2FJuz4vpw
USDT(OS제재지갑),TRSbArg1yPoyPCxK8ToxHACG5aEP8MG1db
USDT(OS제재지갑),TRSjzoAk1X1AFMnbvfXYa31uvxV146gTzg
USDT(OS제재지갑),TRTWxA77g6qHkgKpi8umFhh3sMX1aQsqAs
USDT(OS제재지갑),TRU6fdxpMMDdEykV1fPvcqtMNRLeyw6Ymt
USDT(OS제재지갑),TRVBg7KMgjc2UBqzEJgrkYo1j2ohaApj64
USDT(OS제재지갑),TRkGqvaobVp4XDNmSceRo5hDcJYDTFmYjd
USDT(OS제재지갑),TRpDQ4v7vFHXxEGunsm6JXHztYMA4baQUu
USDT(OS제재지갑),TRynBAMA5Uzs3ryTk7EZZuoDZNdJrv6FmM
USDT(OS제재지갑),TS5quaj273h9ZW9aaP78sc16N2gnGcraVb
USDT(OS제재지갑),TSAFKq5FԝZZQZV7UkWzCvjRtΡ2LUUpDSрA
USDT(OS제재지갑),TSAgSfpH5TtdCXLZkSKtwtgFmY5gMR4Dgi
USDT(OS제재지갑),TSBqcb2QrLH7HBYQsTZV2xAJΥEsVqWmi8A
USDT(OS제재지갑),TSTCBYe1Dagff3U2E87JcTREvxkmpufEBD
USDT(OS제재지갑),TSUUTMFsᴢagjmwSzzkPSuAjBP34jddVZDf
USDT(OS제재지갑),TSX1biRGx37ZUxDj3JLZZMkHnwXEeJxPaD
USDT(OS제재지갑),TSkQMvsenhjbk55x1j2Wvs8EXMKhsGWiia
USDT(OS제재지갑),TSoQQCZ3DrZ1us6RcHGHd9UXp6bM6PukNQ
USDT(OS제재지갑),TSvgMXnAyfVkQpVzh2JjnhB72hvUtV4hJX
USDT(OS제재지갑),TSxzxRkgHSJdhk1brV2Fw9fAjcD3iVxLsp
USDT(OS제재지갑),TT2geYnQsusfsRAP3Ft5s6yF7L37n8wvpk
USDT(OS제재지갑),TTAHMdqoom4f2VTWniroPWQHcTRZ4caoH4
USDT(OS제재지갑),TTEhPr97cvtkpsFaLGQvAPQi58ZAu8tPu3
USDT(OS제재지갑),TTF4LW1ALmvieWd3tkUaz96NjvLHZxmp4n
USDT(OS제재지갑),TTMtE4Bqr9R1TjzsM7hbxjsT5S9kGrf5zs
USDT(OS제재지갑),TTS9o5KkpGgH8cK9LofLmMAPYb5zfQvSNa
USDT(OS제재지갑),TTUqoT6EAmiM1xLvwVwxhjvjaoEUGtKDdZ
USDT(OS제재지갑),TTct1DezYvriNWU7Wi3mygLoskkaw61mra
USDT(OS제재지갑),TTdgr2R8wjgNZV86Jp5DdW8H3jvQfpFx32
USDT(OS제재지갑),TTgcTTNbNuFdbrhvbjMZVrdU5KALyzDaPw
USDT(OS제재지갑),TTmw3qzMsHC8628v4pcJG798377pZrLm8f
USDT(OS제재지갑),TTwkQ4kMYGzWLgwr7YyWH8RQxqyzWjbvnp
USDT(OS제재지갑),TTycL6yhbgkffdtpbdrd1jehVuB5nTA4Vg
USDT(OS제재지갑),TTzMs5AR66jr9mQMkWfCHVwd3AiLLYPepQ
USDT(OS제재지갑),TU1TTeKBxtCVYNHrVrobBtvGAeJvuqyx6p
USDT(OS제재지갑),TU1jyy2TZ67dh4N1XRhfdf2mеQsDreCUiu
USDT(OS제재지갑),TU5N1PAd9bmRNyJdTBgDVpn489wZGzHKQU
USDT(OS제재지갑),TUGhzM7bfQCYJX5fx925W8QxJvujkhvfpp
USDT(OS제재지갑),TUKsuPVb8kgJVFp5x528KC5HisUVdzxami
USDT(OS제재지갑),TUKz4bUqHa48imeRoPw6P4qYXr9dAqvYXP
USDT(OS제재지갑),TUTwbrWQZuQKqjuRjGaQQjmVa8fU94Y5Lu
USDT(OS제재지갑),TUgFJe2mYMWikrNhvn4quAkiMDJrW7a9pz
USDT(OS제재지갑),TUhjhS9cBCEjAckAhPieBfTxBAEYrV9Nt6
USDT(OS제재지갑),TUjufcYJkmaQVN7a7KrycKRXVw2voXYsAu
USDT(OS제재지갑),TUqoe6uU3NGqaurwMfhZNufUCRHExFcurY
USDT(OS제재지갑),TUsf8h2aDg15Q9vPCdBpxbpDFQm8TdzgnW
USDT(OS제재지갑),TV5ZTpKDszLTF6XcMnPongS33pwBgF91by
USDT(OS제재지갑),TVDsEFm19zLV8HeXdt6G75rLroxnp6uqpV
USDT(OS제재지갑),TVDwJiVNΚGounA8RНjgeVJ7kРS6enBoaVn
USDT(OS제재지갑),TVKhaAQ7ADvS96SCBmsF11LGbhhXTgjFaa
USDT(OS제재지갑),TVPijzV1WasNozwEsrGihYEML8d8mWcKSP
USDT(OS제재지갑),TVPzR1AgA3KhUjqFxx85z9hk8SwnXvF3KE
USDT(OS제재지갑),TVYUDCLpc9YK5davKeNfGHKGrQaCGRLjbb
USDT(OS제재지갑),TVacWx7F5wgMgn49L5frDf9KLgdYy8nPHL
USDT(OS제재지갑),TVbzz1rC3xYRDBtYGCpwjAS19dX6BHDAiS
USDT(OS제재지갑),TVduT76kwHLWWUfynMc7sLKe3a2oiT1sV5
USDT(OS제재지갑),TVgWjE4x5WUNCNyUEyU5AkniJKf26jpLBS
USDT(OS제재지갑),TVn4q7L4fKEPbygi7UHq1CKfZxtbeuMV5q
USDT(OS제재지갑),TVnd3r7YQPAHXoDB7bDaQV1yViaAiwRyᴢС
USDT(OS제재지갑),TVpWLWYWHHSwaeLRo2tpR9dZfgQZ8TNobm
USDT(OS제재지갑),TVry5GC5zqTJSNT3KMAZikbZnnNwDpWxgU
USDT(OS제재지갑),TVu2SiQrWSnfwk8quAeDxfiaLy6FHzYkMA
USDT(OS제재지갑),TVu83VX1ebkEGS8VGN7tos39Ukvmn7wgfP
USDT(OS제재지갑),TVxoL32Jt1327neFDMSDo6mEеUo6zNJ21R
USDT(OS제재지갑),TVyiDQ25H6Rx6PcNV1WyjGasGSa8ehj1Uv
USDT(OS제재지갑),TW3RgbhYkFEFnmRJ9mE9b83T9XYSMkjwuD
USDT(OS제재지갑),TWBAPzpPiZarfVsY2BLXeaLhNHurn4wkWG
USDT(OS제재지갑),TWHcmHj9JuJWckNobsmVMMLnjQHyMiqQkx
USDT(OS제재지갑),TWRyG2deyRGwjcVixxY21xvP5RaE6WQ5sC
USDT(OS제재지갑),TWcUd7JMHBDVJjnVUQopZ8Kb7UMAVAJKyB
USDT(OS제재지갑),TWd1UQYbgtNaW9PxDAE3rrRVgWG1XRAcaK
USDT(OS제재지갑),TWi66CCTwfCcMbKB284pWyjUFj76rFRwbn
USDT(OS제재지갑),TWmanPr1pA1JPX4a6zuaLQwwC8LY5RZBef
USDT(OS제재지갑),TWnv7Kdp6GfPtcvgz8HF7n8MLZ348b5ZVR
USDT(OS제재지갑),TWwv8FQiES3yHGig7y3zJWYuPaZfSV3vmY
USDT(OS제재지갑),TWwz8RW5ոG6uowTLԌհ715FtN5yPYXN8ToΚ
USDT(OS제재지갑),TWzTgpDJE6fBXneQ2ADiAdRGZs5vsfDHo8
USDT(OS제재지갑),TX3Zc232WtQpXQxZ8UwUFaYo2XS45ropWy
USDT(OS제재지갑),TX5GV4DyfxNB3rPkzZJhmqZ1efVmL4rEqG
USDT(OS제재지갑),TXEaKf4rT3rMoD3Vuqnuhwr6vLq6BL5t33
USDT(OS제재지갑),TXEsK1sEsKjZ1xtHitnyAAoqw3WLdYdRNW
USDT(OS제재지갑),TXFUYHVJMDyKikutvCG6qNgTUS5pxtZhHs
USDT(OS제재지갑),TXKRJiuo7rVkpTN56ZMsbAnq12wR88nTЈQ
USDT(OS제재지갑),TXVG2seoqhk4i1WpzG6t64YAW6SCUQfDhW
USDT(OS제재지갑),TXc4kRiMEcdXRxWpSKkD5qKaARExN4uxPq
USDT(OS제재지갑),TXdhF63QjkxBHkxYLTKs2aMfwdyXsDNNas
USDT(OS제재지갑),TXkrpKxQZgiVHrZpzftRVremASc7zJSuY7
USDT(OS제재지갑),TXtAXGMqnN1K4Do3TCZtbpTmXsTF91LsRd
USDT(OS제재지갑),TXxz35Uj3NvUXjJorJLogXZ1n18MG7ovEN
USDT(OS제재지갑),TY4yXXCumGFk68VEMSwAL2SUoRdL4HnRDD
USDT(OS제재지갑),TY6P1xitySxBa9MgW4nnoB4yMLjvZ7UcsH
USDT(OS제재지갑),TYCw1yy4q65WeWX2qvTqg4NcWc8j6DUiyh
USDT(OS제재지갑),TYD6a4PAAfAgegEdDf9oZUnW4DFmS8jeFT
USDT(OS제재지갑),TYDNHVubQXTp6Yi3Lc8BNaknevDY27usFh
USDT(OS제재지갑),TYFDi73sTH92WmbSLYMf52WN4tvps6jhTt
USDT(OS제재지갑),TYK29mbyvVxLaLUKdFSTRADMwoxaVbVZQg
USDT(OS제재지갑),TYKRGnSUA45YNFBY6SmfCnskKp1DB6C6Cd
USDT(OS제재지갑),TYKZoNPHYhK71DfQNBtPqaKRbEzmN2ZaW6
USDT(OS제재지갑),TYNTF1WRVDTR4iL77m2YDqhHyaTZXBtgiu
USDT(OS제재지갑),TYSJNgQ8vSVnGp9oa8ZcbxPd21WyEPbzH5
USDT(OS제재지갑),TYe5bazw5R98STBE9CYyDdPKs8EQAzkwBi
USDT(OS제재지갑),TYebBxxCPzFPXqBpyk62ty61R8qaDEnThC
USDT(OS제재지갑),TYhrCs3ij7pnZSXmf1HiNM8Bb2uDzTmpqh
USDT(OS제재지갑),TYq1JsJxCc7XZYWeFck3q3LWLxUmiLT87n
USDT(OS제재지갑),TYrjKsr2TjJqAPevjSnz45tjMkMMzN8JYY
USDT(OS제재지갑),TYwP5AwCqncqMUdFeToZeefGJfAog2PwMC
USDT(OS제재지갑),TYxwUhoLPF7AgfG9GaXFEp8CQi8K8KG1m3
USDT(OS제재지갑),TZ2CkuuJgxw6gfeKh9EZqY6hASSMVYmbWw
USDT(OS제재지갑),TZ2kpc3b8YkpBszchRJtdbVvWgU7BSFUMH
USDT(OS제재지갑),TZJAyAN7RyN4fGqYjvj46aXq63HYGNmWJg
USDT(OS제재지갑),ΤAgeWiMckLYfWTcJ3ysvZCVkzQzPFiLZSi
USDT(OS제재지갑),ΤBhZLD3naPTe6JHQհiZTY1Zjbf1TwLiGpD
USDT(OS제재지갑),ΤBpPMJ8JDS5r7A8cutrY9Fnu4FRwf6XPfc
USDT(OS제재지갑),ΤC1PHnEXԜC8ji6ydb4CnCqyKhZrhdyAXfE
USDT(OS제재지갑),ΤChLSj45οws71stbNu4v82uLΖ3Vx5isfzi
USDT(OS제재지갑),ΤDMwR4YQΧK7vcf6eZawCRREwy4zrUeMEeC
USDT(OS제재지갑),ΤF4UXL6vg9Pkmm4G9QqDx8XYjEVRZVxbҮv
USDT(OS제재지갑),ΤFPZgAMBՍJJb4nWr1iՍJBkCBHCВGEXfP4R
USDT(OS제재지갑),ΤGMLnaU331MyEzywJZntuPZS9ЕUcPYBidC
USDT(OS제재지갑),ΤGMRPZ5nсwSVYQ7GԛՍoejN1GMе19F8dsgY
USDT(OS제재지갑),ΤGuWthQNLuF75VVCbw6aKhFHbԌ4tJ5srΜ9
USDT(OS제재지갑),ΤHD3sc53ВrjzmaPL912bLjRgD4QzQF6xԌt
USDT(OS제재지갑),ΤHkT18UGօ4ᴑbbvS2ᴠ9fհc3g8kPLոHsuQΖP
USDT(OS제재지갑),ΤKZD2toq8FkMvMLkᴡagGk7QVjRRqtPGiոU
USDT(OS제재지갑),ΤKt6ioYaiC92hzUoс9MmC8XZ2et5Uhz3рL
USDT(OS제재지갑),ΤLZrUJCgDcNKSjdWvfzLoqen4хEQbUVW9е
USDT(OS제재지갑),ΤLgJDd9fΤX6mCGNxԛbtNugeDskdrZwkqԜՍ
USDT(OS제재지갑),ΤM7VSpYsВΑCb1BnX9SrjP7DyGZEbdtzGрk
USDT(OS제재지갑),ΤNGDxtEKЅPхRWg67НpC9UfziDismQTkXHm
USDT(OS제재지갑),ΤNHW1aLuLzGUGgcvΗVf28uj4kUqioPzDЈS
USDT(OS제재지갑),ΤNK6EFqmqLMrGG4TDVyXyW6hBAr1xq11FW
USDT(OS제재지갑),ΤPJFteqSеkp3iQNRАcPbGbhwјhSn2KSCFu
USDT(OS제재지갑),ΤRPLp526ᴠaеgMraoGz7q3vgPCVԁWZvbtnj
USDT(OS제재지갑),ΤScXZTbDјϳZ6a6jiС7ԁZjgCqfNο4vm7atV
USDT(OS제재지갑),ΤScnfYfa47aUtkLqsKSUJDeyΖBWcXPVKеJ
USDT(OS제재지갑),ΤSqzWEMJВΧSDFjUn6ΝnckZ1Dр559yGfMDG
USDT(OS제재지갑),ΤTXV4xn1gyCNNsevхrKjzeraSո6KCiZA8p
USDT(OS제재지갑),ΤVTj3NgqV485FaMp69PjsBwTSk3iwFRzeΗ
USDT(OS제재지갑),ΤVUWqJ3by3EigB1W86m7eh2tVvwkcBKXΝΑ
USDT(OS제재지갑),ΤWMtzmziТmonxDdpqecr3eDMᴢKiy4HjmAC
USDT(OS제재지갑),ΤX3HANU6BB6bd5DfCBfvieR1EhmiVf3VЅj
USDT(OS제재지갑),ΤYosnbyyRYiok5aJр5AtdD5XᴢHh23FshBϳ
USDT(OS제재지갑),ΤZ18KNPsЈ1euhzeMyԁUvmvjVϳ4ѕ871Jdհx
USDT(OS제재지갑),ΤΚ9ByVpQGМbMN9EeοSnu4DFh4HYKSxVr5E
USDT(OS제재지갑),ΤΜdbTohWtuRoqEtGExSQq5uRNϳLV9ijxFΗ
USDT(OS제재지갑),ΤΜikmf35ԜW5A8gVCΡm9ᴢdX6MՍzhZѕktjԌa
USDT(OS제재지갑),ΤϹcdhNswk2gMi4D3tikEyRF22ԛ78xHAfra
USDT(OS제재지갑),ΤР7AcAzfRGzG6pqWMJsyQ6aYԁXMSAUbvXu
USDT(OS제재지갑),ΤХuCx24QЅw8ecjH3ΖqVfindgԁQiHхEbsHc
USDT(OS제재지갑),ΤԜBvzFf586marsZA37ASZZNBѕuհJTbj1xd
USDT(OS제재지갑),ΤԜF9inkSΗQPQf5KXXCТot7H8ᴢh5kLA24Vn
USDT(OS제재지갑),ΤԜV7BDzyy5DxKyK4QNjL1Now3ԝo5B6chМF
USDT(OS제재지갑),Т9z9kZjWvpHcoPXtfᴄGKrpBHAZdTFho2AZ
USDT(OS제재지갑),ТAziD1gsеQZjy2xN7EϳcbLE9FnvqKrKtВU
USDT(OS제재지갑),ТBS4fkSVΖ6NqQ8F5ΒRSᴄgWGmKpAE2tetrJ
USDT(OS제재지갑),ТD3iJZa72XDorPKXΕQSRkkVf3iJRyfUm6L
USDT(OS제재지갑),ТFieH3GSΝQ6f5Q6KRΝraaaq6C1VobC9bka
USDT(OS제재지갑),ТG35PjKSԛwVVxb8a4R4WqXGpΕaaSAZfwЅY
USDT(OS제재지갑),ТGXSKmUemJM6RTYbТ58aSGBeᴠ8aᴠ4VXu4x
USDT(OS제재지갑),ТK9hdrM68gadaV4tqk9bqoub2FsyQ3YrHЈ
USDT(OS제재지갑),ТKXQxqLgᴢnKvxtJGfеr4ASSZjJ8bW6PpKᴠ
USDT(OS제재지갑),ТMcm51DwBRsmUEzRhWrnydahΑ7JQqeHqhH
USDT(OS제재지갑),ТMkB32xpGXC9YB59ԁLvzcxB5fMBERzy4хL
USDT(OS제재지갑),ТN5pr1zPRѕET2SMa8QSzqzQdApfVzKLFхg
USDT(OS제재지갑),ТP2J8Ceeսkԁbx19MbCAMp9zGϹ9qΑrprMyS
USDT(OS제재지갑),ТPkrSMfHyyuhHBoYϳ4uoQRSMgUEFuPC7хk
USDT(OS제재지갑),ТQE46vogeseLMK1NgЈf54twPimNL5wdJr2
USDT(OS제재지갑),ТQZAQuZZAG4rhLcKq2RFEetc3аzrph1jts
USDT(OS제재지갑),ТRJhoXAeDmiHc8NdPy5QdgrRku3U2XhyոS
USDT(OS제재지갑),ТT2DCMYXհAa4RfrT7CyWf9u54rjWA7Tf2K
USDT(OS제재지갑),ТT4FNjuwЈfΖN956V4nхKRkWZirԌ96gWGj2
USDT(OS제재지갑),ТTLnxaQ4Ԝ4KJacnm3vcrugo3ոbJv7gXGrv
USDT(OS제재지갑),ТTj4MGQTuҮQTEpiJ7BmkjNMciDTStMK69а
USDT(OS제재지갑),ТVjFPD3AyY24JYwTkոatL7LxѕT7WEGfWmq
USDT(OS제재지갑),ТVs4c3ZB6U24Z5TJ22wjLSsEhΚwoY9WYՍF
USDT(OS제재지갑),ТXm8XcvNЕDNg44BGkhQzsqA1р8ka64vgХZ
USDT(OS제재지갑),ТYuHA4pWᴢ3tpDdf7ЅrbmCagBeqս9YVGhᴄh
USDT(OS제재지갑),ТYuXYK4WҮZAacmaQ1G6n7LoAѕysМsw1zhT
USDT(OS제재지갑),ТΒQbqpGCBАX2Pf6iyzcFsshxFΥzMbNHBwm
USDT(OS제재지갑),ТΜmna6u69аZbUxYeԛLCLL7UfDHЕaPfvkΗp
USDT(OS제재지갑),ТΥ82R7ps9R5dVqDWԌeоPYqyVᴠ83Νrb3zDN
USDT(OS제재지갑),ТЅco9U652mN7ZfgCոsuihvPgΧHb74mwhМV
USDT(OS제재지갑),ТТxELSY2kΗc9EGP2o4RnMxgLN8FEMWNyԛ6
USDT(OS제재지갑),ТՍ8preUjΑrgL7EajcDCTQzvVkXQ6DDjJiP
USDT(OS제재지갑),ТՍZu9BBf31zcRjJZvR1k1EsW7fomUjVZrB
XLM(OS제재지갑),GAHK7EEG2WWHVKDNT4CEQFZGKF2LGDSW2IVM4S5DP42RBW3K6BTODB4A
XMR(OS제재지갑),49HqitRzdnhYjgTEAhgGpCfsjdTeMbUTU6cyR4JV1R7k2Eej9rGT8JpFiYDa4tZM6RZiFrHmMzgSrhHEqpDYKBe5B2ufNsL
XMR(OS제재지갑),5be5543ff73456ab9f2d207887e2af87322c651ea1a873c5b25b7ffae456c320
XMR(OS제재지갑),84AwzjeFWXNEuhj8LWinXo93AqYr6wS8ZcnaBCoGhrL7EtvBMBovdhiUSV9xLhjrPA8t64hYSaMc8bHtWXoV9129EHUjU62
XMR(OS제재지갑),86ze8c9oUftDSTxzFBhfSJYpjvw6GYkqjeEaggy3hBVL1ou2tk79DfSj5YiZ3wjDHp541tizcQ8bVCxCtVHQncuc3asa8wz
XMR(OS제재지갑),87XWTP9tBECHXCwbyMK1KENoy4GeXkRviNzmhNc5Pvo5ExZ1QXjtRRyFeXPuHf7fNiS7KzBZNJeGweJhMbFB647171y66id
XMR(OS제재지갑),884Bz8UH63aYsjVdkfWfScRYWZGGNbjFL7pztqvWNSrtYT4reFSwyvkCj9KEGUtheHhhMUj87ciTBFyzoesrMJ4L1FvSoxL
XMR(OS제재지갑),88wRZuGMuC5YQvXpKpeLFHQeZWW28XtGyZCizkqeypTaRcjzNNKVrCg7PpoEeWaj5A7wwbh5M2X9ycXrfUkbeptACsG4bVn
XMR(OS제재지갑),8ANG5NBnApL94YAKRfCSaS7g2fjEi1DWVcFNTn3wQ5HpfsgtnusgxaXE24bbhXukTgF8esRnMsWaReRiqNbSBSbmRE5Nm5M
XRP(OS제재지갑),rEb8TK3gBgk5auZkwc6sHnwrGVJH8DuaLh (Address tag 102334770)*
XRP(OS제재지갑),rnXyVQzgxZe7TR1EPzTkGj2jxH4LMJYh66
XVG(OS제재지갑),D9KKhKM68nRaYtQJJAA82cKhd3bGWqCW46
XVG(OS제재지갑),DFFJhnQNZf8rf67tYnesPu7MuGUpYtzv7Z
ZEC(OS제재지갑),t1MMXtBrSp1XG38Lx9cePcNUCJj5vdWfUWL
ZEC(OS제재지갑),t1SfdPR5gMz1QAMGJKGTNgzCauTEMnNU6GR
ZEC(OS제재지갑),t1WSKwCDL1QYRRUrCCknEs5tDLhtGVYu9KM
ZEC(OS제재지갑),t1g7wowvQ8gn2v8jrU1biyJ26sieNqNsBJy
